uid,month,runtime_hours,water_yield_liters,power_consumed_KVA
865357060803697,2025-08,0.06666666666666667,700.0,17.373046950185028
865357060803697,2025-09,148.48333333333332,1559075.0,125.22837035274128
865357060803697,2025-10,65.45,687225.0,37.113942069379526
865357060803705,2025-08,0.0,0.0,12.601920550646824
865357060803713,2025-07,0.0,0.0,2.805922308261581
865357060803713,2025-08,0.0,0.0,0.0
865357060803721,2025-08,30.483333333333334,320075.0,159.69115847601998
865357060803721,2025-09,50.766666666666666,533050.0,267.7380851879113
865357060803721,2025-10,9.766666666666667,102550.0,54.03384603828658
865357060803747,2025-07,0.0,0.0,3.191592288080251
865357060803747,2025-08,4.583333333333333,48125.0,124.81165817344919
865357060803762,2025-08,87.4,917700.0,308.17843083322686
865357060803762,2025-09,79.28333333333333,832475.0,217.88575620925752
865357060803762,2025-10,25.05,263025.0,72.66794144643559
865357060803770,2025-08,0.0,0.0,1.9773476919385764
865357060803788,2025-08,279.1166666666667,2930725.0,388.82564167499766
865357060803788,2025-09,612.05,6426525.0,824.3571688316196
865357060803788,2025-10,98.31666666666666,1032325.0,114.67290632125503
865357060803796,2025-08,63.1,662550.0,34.763279693382934
865357060803796,2025-09,69.6,730800.0,43.415219887350986
865357060803796,2025-10,14.566666666666666,152950.0,16.41464550333025
865357060803820,2025-07,100.41666666666667,7742125.0,124.54867512583331
865357060803820,2025-08,149.83333333333334,11552150.0,183.7014048758
865357060803820,2025-09,0.0,0.0,0.0
865357060803820,2025-10,0.0,0.0,0.0
865357060803838,2025-07,18.65,195825.0,48.18673118706865
865357060803838,2025-08,87.6,919800.0,212.6409139138492
865357060803838,2025-09,91.46666666666667,960400.0,196.83558463961273
865357060803838,2025-10,11.266666666666667,118300.0,28.008416258927124
865357060803846,2025-08,3.7,38850.0,62.101950395041115
865357060803846,2025-09,201.56666666666666,2116450.0,453.3898754980787
865357060803846,2025-10,36.416666666666664,382375.0,76.38819413100381
865357060803861,2025-08,0.13333333333333333,1400.0,9.321146890985748
865357060803861,2025-09,0.0,0.0,0.0
865357060803861,2025-10,0.0,0.0,0.0
865357060803879,2025-07,0.016666666666666666,175.0,2.8451821265664754
865357060803879,2025-08,520.2,5462100.0,1240.2780318447672
865357060803879,2025-09,520.4166666666666,5464375.0,1344.1714237400724
865357060803879,2025-10,87.35,917175.0,262.7275701217581
865357060803887,2025-09,0.0,0.0,2.9721991857881935
865357060803895,2025-07,2.816666666666667,29575.0,41.83210620422406
865357060803895,2025-08,61.05,641025.0,377.45661413418736
865357060803895,2025-09,51.13333333333333,536900.0,312.9273869824282
865357060803895,2025-10,14.25,149625.0,68.58509354780732
865357060803911,2025-07,191.95,2015475.0,227.5087418209756
865357060803911,2025-08,268.53333333333336,2819600.0,250.01089158260535
865357060803911,2025-09,0.0,0.0,0.0
865357060803911,2025-10,0.0,0.0,0.0
865357060803929,2025-08,37.916666666666664,398125.0,103.91057768831813
865357060803929,2025-09,286.43333333333334,3007550.0,294.9486803548543
865357060803929,2025-10,94.83333333333333,995750.0,104.71451869315572
865357060803937,2025-09,0.0,0.0,2.868622547495575
865357060803945,2025-08,11.833333333333334,124250.0,84.16941313899801
865357060803945,2025-09,0.0,0.0,0.0
865357060803945,2025-10,0.0,0.0,0.0
865357060803960,2025-08,302.28333333333336,3173975.0,678.7738913484005
865357060803960,2025-09,484.01666666666665,5082175.0,936.6747939747245
865357060803960,2025-10,94.18333333333334,988925.0,172.99929387593957
865357060803978,2025-07,350.5,3680250.0,371.3186879523786
865357060803978,2025-08,481.9,5059950.0,526.1546193396484
865357060803978,2025-09,0.0,0.0,0.0
865357060803978,2025-10,0.0,0.0,0.0
865357060803986,2025-08,11.7,122850.0,28.72650527873621
865357060803994,2025-08,350.1333333333333,3676400.0,916.5494413112766
865357060803994,2025-09,506.9166666666667,5322625.0,1172.9278905227563
865357060803994,2025-10,105.21666666666667,1104775.0,212.8567851794992
865357060804000,2025-07,0.0,0.0,2.738757226945854
865357060804000,2025-08,19.4,203700.0,67.49844336115655
865357060804026,2025-08,72.96666666666667,766150.0,114.80596631329426
865357060804026,2025-09,203.71666666666667,2139025.0,189.54778841667695
865357060804026,2025-10,19.983333333333334,209825.0,39.972730417289895
865357060804034,2025-08,23.683333333333334,248675.0,107.04672510554721
865357060804059,2025-08,247.05,2594025.0,428.2332616488047
865357060804059,2025-09,404.21666666666664,4244275.0,705.4901784598724
865357060804059,2025-10,99.8,1047900.0,158.73110195839354
865357060804067,2025-08,0.0,0.0,0.0
865357060804083,2025-07,0.0,0.0,0.0
865357060804083,2025-08,0.03333333333333333,350.0,0.8363880899660376
865357060804091,2025-07,126.98333333333333,1333325.0,295.7568360166569
865357060804091,2025-08,106.98333333333333,1123325.0,228.6085940837818
865357060804117,2025-08,0.0,0.0,1.0604769744475044
865357060804117,2025-09,47.1,494550.0,319.5791356588067
865357060804117,2025-10,16.35,171675.0,48.936940126853656
865357060804125,2025-07,0.0,0.0,0.0
865357060804125,2025-08,6.933333333333334,72800.0,276.1510985954797
865357060804125,2025-09,9.316666666666666,97825.0,308.68882771619946
865357060804125,2025-10,1.9,19950.0,78.08922198410824
865357060804133,2025-07,98.08333333333333,1029875.0,96.64616415128452
865357060804133,2025-08,165.36666666666667,1736350.0,153.6634099705816
865357060804133,2025-09,0.0,0.0,5.959447968593264
865357060804133,2025-10,0.0,0.0,0.0
865357060804158,2025-09,0.0,0.0,3.1850682300384086
865357060804174,2025-07,4.133333333333334,43400.0,13.708797241728204
865357060804174,2025-08,35.68333333333333,374675.0,55.34294928365611
865357060804174,2025-09,76.86666666666666,807100.0,65.48810972383828
865357060804174,2025-10,15.233333333333333,159950.0,13.65298671570654
865357060804190,2025-07,0.0,0.0,3.108800259478458
865357060804190,2025-08,21.083333333333332,221375.0,71.25630079325799
865357060804190,2025-09,3.75,39375.0,31.98149062637348
865357060804208,2025-08,243.3,2554650.0,363.4476909775254
865357060804208,2025-09,383.4,4025700.0,515.2970664023132
865357060804208,2025-10,82.31666666666666,864325.0,92.16684982280374
865357060804216,2025-07,34.583333333333336,363125.0,132.1059976994358
865357060804216,2025-08,66.28333333333333,695975.0,153.14633506949536
865357060804232,2025-07,0.0,0.0,2.728018511938928
865357060804240,2025-08,333.0,3496500.0,195.43531778673815
865357060804257,2025-08,17.466666666666665,183400.0,87.71532528727994
865357060804257,2025-09,130.41666666666666,1369375.0,268.97015066236196
865357060804257,2025-10,13.666666666666666,143500.0,14.695103951593811
865357060804265,2025-08,84.73333333333333,889700.0,302.1664055001194
865357060804265,2025-09,83.88333333333334,880775.0,306.7240855051382
865357060804265,2025-10,12.883333333333333,135275.0,48.260574286498006
865357060804273,2025-08,64.43333333333334,676550.0,31.051263872655156
865357060804281,2025-07,0.0,0.0,2.9036869538443577
865357060804281,2025-08,22.416666666666668,235375.0,342.1952736085835
865357060804281,2025-09,28.333333333333332,297500.0,381.8218440494763
865357060804281,2025-10,6.916666666666667,72625.0,86.13344328472729
865357060804299,2025-07,0.016666666666666666,175.0,0.0
865357060804299,2025-08,46.166666666666664,484750.0,705.3522494805629
865357060804299,2025-09,60.95,639975.0,937.5985544054279
865357060804299,2025-10,11.55,121275.0,201.98433660521889
865357060804307,2025-08,424.05,4452525.0,1271.1646161756405
865357060804307,2025-09,465.1166666666667,4883725.0,1305.680212603541
865357060804307,2025-10,111.23333333333333,1167950.0,236.9947799488419
865357060804323,2025-08,43.13333333333333,452900.0,225.15113199673976
865357060804323,2025-09,0.0,0.0,0.0
865357060804323,2025-10,0.0,0.0,0.0
865357060804356,2025-07,10.083333333333334,105875.0,3.424091241482913
865357060804356,2025-08,0.0,0.0,0.0
865357060804356,2025-09,0.0,0.0,0.0
865357060804356,2025-10,0.0,0.0,0.0
865357060804372,2025-08,69.98333333333333,734825.0,380.28258974179874
865357060804372,2025-09,148.41666666666666,1558375.0,547.6016614843342
865357060804372,2025-10,34.55,362775.0,106.35694549393739
865357060804380,2025-08,1496.6333333333334,15714650.0,969.3731034503148
865357060804380,2025-09,1737.8,18246900.0,1068.9682765515752
865357060804380,2025-10,381.8833333333333,4009775.0,235.77085511318683
865357060804398,2025-07,0.0,0.0,0.0
865357060804398,2025-08,82.86666666666666,870100.0,219.69413272241323
865357060804406,2025-08,54.96666666666667,577150.0,449.47035999060415
865357060804406,2025-09,61.38333333333333,644525.0,429.1205142974864
865357060804406,2025-10,1.8333333333333333,19250.0,22.109436108526985
865357060804414,2025-08,649.9666666666667,6824650.0,763.9546104639202
865357060804414,2025-09,755.6333333333333,7934150.0,782.5202706201612
865357060804414,2025-10,159.66666666666666,1676500.0,162.17701704005182
865357060804422,2025-08,202.98333333333332,2131325.0,289.167364189315
865357060804430,2025-08,431.1333333333333,4526900.0,756.9241007659442
865357060804430,2025-09,662.5666666666667,6956950.0,984.5676153847576
865357060804430,2025-10,138.48333333333332,1454075.0,200.13098450609326
865357060804448,2025-07,0.0,0.0,3.057647025628258
865357060804455,2025-07,0.0,0.0,2.6500377355803817
865357060804455,2025-08,265.45,2787225.0,215.73812867792594
865357060804463,2025-07,21.233333333333334,222950.0,108.69276996801581
865357060804463,2025-08,346.31666666666666,3636325.0,802.0426001724494
865357060804463,2025-09,277.8333333333333,2917250.0,632.8350156993948
865357060804463,2025-10,62.71666666666667,658525.0,141.23269301975847
865357060804471,2025-07,0.0,0.0,0.0
865357060804471,2025-08,7.9,82950.0,106.34002913105014
865357060804471,2025-09,26.666666666666668,280000.0,134.1919642220179
865357060804471,2025-10,4.75,49875.0,32.39418059879022
865357060804489,2025-07,10.166666666666666,106750.0,76.37297132890617
865357060804489,2025-08,45.53333333333333,478100.0,207.9144551801373
865357060804489,2025-09,54.416666666666664,571375.0,262.35927838504205
865357060804489,2025-10,11.733333333333333,123200.0,64.0041270819312
865357060804497,2025-07,0.0,0.0,0.0
865357060804497,2025-08,0.18333333333333332,1925.0,34.6682670840833
865357060804497,2025-09,11.3,118650.0,194.44593187543686
865357060804497,2025-10,1.2333333333333334,12950.0,20.4888908829476
865357060804505,2025-08,0.016666666666666666,175.0,0.0
865357060804521,2025-08,251.8,2643900.0,574.1366028762535
865357060804521,2025-09,282.26666666666665,2963800.0,775.8890178783389
865357060804521,2025-10,79.16666666666667,831250.0,171.50004994191693
865357060804539,2025-08,138.31666666666666,1452325.0,410.6736535816356
865357060804539,2025-09,4.566666666666666,47950.0,49.68636002127076
865357060804539,2025-10,0.0,0.0,0.0
865357060804547,2025-08,0.016666666666666666,175.0,5.515427121568495
865357060804547,2025-09,0.0,0.0,0.0
865357060804547,2025-10,0.6166666666666667,6475.0,5.30250034229136
865357060804554,2025-08,217.63333333333333,2285150.0,254.8184680291384
865357060804554,2025-09,226.83333333333334,2381750.0,279.38091147138033
865357060804554,2025-10,72.03333333333333,756350.0,63.786350560392876
865357060804570,2025-07,0.0,0.0,2.8661976763649784
865357060804570,2025-08,82.51666666666667,866425.0,77.5922388723898
865357060804570,2025-09,146.15,1534575.0,115.22173548714669
865357060804570,2025-10,43.266666666666666,454300.0,62.46312147843717
865357060804588,2025-07,0.0,0.0,0.0
865357060804588,2025-08,0.08333333333333333,875.0,11.152271004747568
865357060804588,2025-09,0.0,0.0,0.0
865357060804588,2025-10,0.0,0.0,0.0
865357060804604,2025-08,80.2,842100.0,69.40137060339659
865357060804604,2025-10,1.2666666666666666,13300.0,4.45829877868229
865357060804620,2025-07,0.0,0.0,0.0
865357060804620,2025-08,124.1,1303050.0,203.94295890342676
865357060804620,2025-09,69.1,725550.0,38.7869299444103
865357060804620,2025-10,0.0,0.0,0.0
865357060804638,2025-07,0.0,0.0,0.0
865357060804638,2025-08,0.05,525.0,6.63098331169669
865357060804653,2025-07,0.0,0.0,2.7207054085291924
865357060804661,2025-07,73.96666666666667,776650.0,259.2713782053083
865357060804661,2025-08,100.85,1058925.0,289.68001273833744
865357060804661,2025-09,111.03333333333333,1165850.0,271.19418087931626
865357060804661,2025-10,33.083333333333336,347375.0,70.15721833081066
865357060804729,2025-08,41.81666666666667,439075.0,183.28734850774615
865357060804729,2025-09,54.36666666666667,570850.0,180.13888428477438
865357060804729,2025-10,4.95,51975.0,20.948923577437895
865357060804737,2025-08,129.46666666666667,1359400.0,195.26342136659142
865357060804737,2025-09,194.0,2037000.0,246.30060781268514
865357060804737,2025-10,16.916666666666668,177625.0,11.948052125780602
865357060804752,2025-08,0.0,0.0,2.754153234124244
865357060804752,2025-09,0.16666666666666666,1750.0,16.861437631647128
865357060804760,2025-08,0.0,0.0,0.0
865357060804760,2025-09,42.25,443625.0,96.26509372861041
865357060804760,2025-10,10.683333333333334,112175.0,34.15532985992626
865357060804778,2025-08,30.45,319725.0,82.23786856841515
865357060804778,2025-09,74.41666666666667,781375.0,423.84320567194067
865357060804778,2025-10,28.716666666666665,301525.0,88.38451273928867
865357060804786,2025-08,47.65,500325.0,168.30826520374694
865357060804786,2025-09,47.86666666666667,502600.0,207.24445943775171
865357060804786,2025-10,7.033333333333333,73850.0,50.44624920056917
865357060804794,2025-07,15.183333333333334,159425.0,67.55379200696287
865357060804794,2025-08,369.98333333333335,3884825.0,577.4233617337052
865357060804794,2025-09,333.1666666666667,3498250.0,499.9330444288363
865357060804794,2025-10,58.13333333333333,610400.0,99.86720130309347
865357060804802,2025-08,24.683333333333334,259175.0,129.9219586111273
865357060804802,2025-09,76.55,803775.0,440.61761737301197
865357060804802,2025-10,19.616666666666667,205975.0,133.65968576384302
865357060804836,2025-08,207.01666666666668,2173675.0,96.16730983801867
865357060804836,2025-09,150.96666666666667,1585150.0,105.13650400490641
865357060804836,2025-10,24.45,256725.0,15.777000621028254
865357060804844,2025-09,0.0,0.0,0.0
865357060804851,2025-08,132.31666666666666,1389325.0,285.2792372914754
865357060804851,2025-09,273.5833333333333,2872625.0,464.8775485192075
865357060804851,2025-10,74.98333333333333,787325.0,107.17485837528936
865357060804869,2025-08,13.383333333333333,140525.0,93.98750465168425
865357060804869,2025-09,20.783333333333335,218225.0,122.30769005597378
865357060804869,2025-10,20.016666666666666,210175.0,105.46694080897261
865357060804893,2025-07,0.0,0.0,2.857537422327134
865357060804893,2025-08,81.7,857850.0,326.1023661652637
865357060804893,2025-09,111.56666666666666,1171450.0,390.6958139119657
865357060804893,2025-10,18.183333333333334,190925.0,76.81050660790706
865357060804919,2025-07,318.3,3342150.0,211.41042653013434
865357060804919,2025-08,322.51666666666665,3386425.0,263.893913890566
865357060804919,2025-09,0.0,0.0,0.0
865357060804919,2025-10,0.0,0.0,0.0
865357060804927,2025-07,77.81666666666666,817075.0,195.7746072949319
865357060804927,2025-08,54.06666666666667,567700.0,142.40904419323232
865357060804943,2025-08,0.0,0.0,0.0
865357060804950,2025-07,12.716666666666667,133525.0,79.26516901239367
865357060804950,2025-08,220.73333333333332,2317700.0,417.6884401072806
865357060804950,2025-09,356.03333333333336,3738350.0,451.0888844902414
865357060804950,2025-10,43.31666666666667,454825.0,71.14987589363736
865357060804968,2025-07,0.0,0.0,3.118057108794466
865357060804976,2025-07,0.016666666666666666,175.0,1.3034259677224989
865357060804984,2025-07,0.9,9450.0,9.761184021153111
865357060804984,2025-08,5.366666666666666,56350.0,15.03591381549645
865357060804984,2025-09,2.15,22575.0,14.751491827884667
865357060804984,2025-10,0.43333333333333335,4550.0,7.464869550496239
865357060804992,2025-07,0.0,0.0,0.0
865357060804992,2025-08,58.483333333333334,614075.0,310.4512086579098
865357060804992,2025-09,57.63333333333333,605150.0,335.8257144987759
865357060805007,2025-08,223.65,2348325.0,272.4279399145566
865357060805007,2025-09,346.1,3634050.0,332.6622776588231
865357060805007,2025-10,92.68333333333334,973175.0,69.2409826986157
865357060805015,2025-08,83.0,871500.0,194.161567622852
865357060805015,2025-09,226.3,2376150.0,352.7452143224945
865357060805015,2025-10,108.06666666666666,1134700.0,148.6351510061553
865357060805023,2025-07,24.566666666666666,257950.0,69.13740606032309
865357060805023,2025-08,313.0,3286500.0,366.94778075944265
865357060805023,2025-09,285.3833333333333,2996525.0,328.951224088544
865357060805023,2025-10,57.71666666666667,606025.0,77.88630260949706
865357060805031,2025-07,1.3666666666666667,14350.0,84.30432065189866
865357060805031,2025-08,9.266666666666667,97300.0,101.66918847327017
865357060805031,2025-09,16.683333333333334,175175.0,112.4726052003644
865357060805031,2025-10,3.95,41475.0,26.92959879092836
865357060805049,2025-08,23.8,249900.0,43.077604694937875
865357060805049,2025-09,103.95,1091475.0,237.41181929328653
865357060805049,2025-10,39.2,411600.0,68.85991227594158
865357060805072,2025-07,0.0,0.0,0.0
865357060805072,2025-08,0.18333333333333332,1925.0,14.668199429049578
865357060805072,2025-09,0.0,0.0,9.435019609078918
865357060805072,2025-10,0.0,0.0,4.442248441198818
865357060805080,2025-07,16.216666666666665,170275.0,71.88986573365771
865357060805080,2025-08,17.166666666666668,180250.0,80.24599089470196
865357060805080,2025-09,0.0,0.0,0.0
865357060805106,2025-08,0.0,0.0,3.1097625099271085
865357060805114,2025-08,185.51666666666668,1947925.0,366.39415958631673
865357060805114,2025-09,157.7,1655850.0,312.8821804563506
865357060805114,2025-10,40.81666666666667,428575.0,68.7592993690308
865357060805122,2025-08,74.76666666666667,785050.0,106.05885954995479
865357060805122,2025-09,300.51666666666665,3155425.0,244.04507351604204
865357060805122,2025-10,89.7,941850.0,68.53499878945063
865357060805130,2025-08,0.0,0.0,0.0
865357060805155,2025-07,0.0,0.0,0.0
865357060805163,2025-07,0.0,0.0,0.0
865357060805163,2025-08,363.73333333333335,3819200.0,649.9280670140319
865357060805163,2025-09,567.8,5961900.0,728.3145089167189
865357060805163,2025-10,105.46666666666667,1107400.0,141.43944215115528
865357060805171,2025-07,0.0,0.0,0.0
865357060805171,2025-08,31.733333333333334,333200.0,98.59195002850741
865357060805171,2025-09,32.483333333333334,341075.0,100.77876039810799
865357060805171,2025-10,9.566666666666666,100450.0,24.821115607847847
865357060805189,2025-09,0.0,0.0,2.899029661672895
865357060805197,2025-07,242.56666666666666,2546950.0,173.72858349097092
865357060805197,2025-08,785.05,8243025.0,576.5844910375816
865357060805197,2025-09,665.5833333333334,6988625.0,484.68403062898193
865357060805197,2025-10,143.75,1509375.0,101.46800114946656
865357060805205,2025-07,0.0,0.0,0.0
865357060805205,2025-08,33.46666666666667,351400.0,90.38356880134877
865357060805205,2025-09,101.9,1069950.0,110.60928418659077
865357060805205,2025-10,55.6,583800.0,29.829725418112716
865357060805213,2025-08,308.01666666666665,3234175.0,191.25276149662082
865357060805213,2025-09,467.4166666666667,4907875.0,236.76407078127372
865357060805213,2025-10,94.33333333333333,990500.0,50.513529751938734
865357060805239,2025-08,0.0,0.0,0.0
865357060805239,2025-09,0.06666666666666667,700.0,18.81059138544028
865357060805239,2025-10,0.0,0.0,0.0
865357060805247,2025-08,21.266666666666666,223300.0,134.24663929251014
865357060805247,2025-09,9.95,104475.0,79.17098393847986
865357060805254,2025-07,43.266666666666666,454300.0,145.86987415684467
865357060805254,2025-08,292.3,3069150.0,514.3415324617954
865357060805254,2025-09,257.85,2707425.0,394.4456269303164
865357060805262,2025-08,27.766666666666666,291550.0,289.64042575487997
865357060805262,2025-09,78.31666666666666,822325.0,373.6571489926863
865357060805262,2025-10,8.233333333333333,86450.0,74.59704190087889
865357060805270,2025-08,193.48333333333332,2031575.0,263.2647560572211
865357060805270,2025-09,372.1666666666667,3907750.0,570.2447424466732
865357060805270,2025-10,45.28333333333333,475475.0,74.60606781008723
865357060805288,2025-07,183.73333333333332,1929200.0,217.0997130627648
865357060805288,2025-08,228.55,2399775.0,229.19593251262845
865357060805288,2025-09,0.0,0.0,0.0
865357060805288,2025-10,0.0,0.0,0.0
865357060805304,2025-08,0.2,2100.0,5.786974198177349
865357060805338,2025-08,203.0,2131500.0,168.39596470963684
865357060805338,2025-09,165.73333333333332,1740200.0,100.163189541098
865357060805338,2025-10,10.75,112875.0,0.0
865357060805346,2025-08,294.1333333333333,3088400.0,548.1282049298351
865357060805346,2025-09,595.5333333333333,6253100.0,750.4492907020633
865357060805346,2025-10,138.75,1456875.0,140.08684518550677
865357060805379,2025-07,0.0,0.0,0.0
865357060805379,2025-08,0.016666666666666666,175.0,5.792401290707731
865357060805379,2025-09,9.633333333333333,101150.0,7.933754949114107
865357060805379,2025-10,0.0,0.0,0.0
865357060805395,2025-07,0.016666666666666666,175.0,0.0
865357060805411,2025-08,423.6166666666667,4447975.0,513.3817838643125
865357060805411,2025-09,216.56666666666666,2273950.0,138.2883990969811
865357060805411,2025-10,66.31666666666666,696325.0,33.5261335365634
865357060805429,2025-07,89.08333333333333,935375.0,123.94678747020312
865357060805429,2025-08,353.76666666666665,3714550.0,275.44147737961873
865357060805429,2025-09,171.81666666666666,1804075.0,402.4674277954819
865357060805429,2025-10,0.016666666666666666,175.0,6.69887970335339
865357060805437,2025-07,0.08333333333333333,875.0,3.0271244413971
865357060805437,2025-08,0.0,0.0,0.0
865357060805437,2025-09,0.0,0.0,0.0
865357060805437,2025-10,0.0,0.0,0.0
865357060805452,2025-09,0.0,0.0,0.6908188420943601
865357060805460,2025-07,0.03333333333333333,350.0,0.0
865357060805460,2025-08,291.85,3064425.0,332.89839467391266
865357060805460,2025-09,332.1,3487050.0,317.7218383328416
865357060805460,2025-10,50.35,528675.0,52.06810308675872
865357060805486,2025-08,233.63333333333333,2453150.0,347.24706921898377
865357060805486,2025-09,324.48333333333335,3407075.0,377.974073935453
865357060805486,2025-10,49.43333333333333,519050.0,66.67421811686144
865357060805536,2025-08,276.15,2899575.0,422.21673298359764
865357060805536,2025-09,389.75,4092375.0,463.91337356966085
865357060805536,2025-10,58.78333333333333,617225.0,88.41794131987474
865357060805544,2025-07,254.15,2668575.0,239.19640897535166
865357060805544,2025-08,246.05,2583525.0,258.2425977606393
865357060805544,2025-09,0.0,0.0,0.0
865357060805551,2025-08,172.51666666666668,1811425.0,268.51770050140703
865357060805551,2025-09,294.5,3092250.0,346.8692319578171
865357060805551,2025-10,42.8,449400.0,31.789002046625654
865357060805569,2025-08,0.25,2625.0,19.368504195567187
865357060805569,2025-09,38.96666666666667,409150.0,143.66863003051435
865357060805569,2025-10,5.75,60375.0,31.00290116510604
865357060805585,2025-08,14.483333333333333,152075.0,30.437059411282256
865357060805585,2025-09,22.5,236250.0,40.866641839076195
865357060805585,2025-10,4.133333333333334,43400.0,16.758919468848024
865357060805593,2025-08,113.98333333333333,1196825.0,233.921198055784
865357060805593,2025-09,231.78333333333333,2433725.0,580.2580168403633
865357060805593,2025-10,36.45,382725.0,75.01423520539531
865357060805619,2025-07,36.71666666666667,385525.0,79.34674860543016
865357060805619,2025-08,74.78333333333333,785225.0,175.31604654612576
865357060805619,2025-09,0.0,0.0,0.0
865357060805619,2025-10,0.0,0.0,0.0
865357060805627,2025-08,15.95,167475.0,31.292615530185387
865357060805627,2025-09,254.11666666666667,2668225.0,153.79537299710938
865357060805627,2025-10,64.78333333333333,680225.0,74.64829135977396
865357060805635,2025-07,165.53333333333333,1738100.0,181.9335198615234
865357060805635,2025-08,193.8,2034900.0,290.8875023363296
865357060805635,2025-09,0.0,0.0,0.0
865357060805635,2025-10,0.0,0.0,0.0
865357060805650,2025-07,0.0,0.0,0.0
865357060805650,2025-08,401.35,4214175.0,288.9105010545525
865357060805650,2025-09,325.2,3414600.0,237.6591369035984
865357060805650,2025-10,74.7,784350.0,50.65234400166089
865357060805676,2025-08,0.0,0.0,2.592803078894717
865357060805684,2025-08,0.0,0.0,0.0
865357060805684,2025-09,23.95,251475.0,713.3127742371585
865357060805684,2025-10,3.7,38850.0,119.66765972505934
865357060805700,2025-08,3.15,33075.0,21.403644649451646
865357060805734,2025-08,254.36666666666667,2670850.0,207.58363347589165
865357060805734,2025-09,393.95,4136475.0,301.78720184331564
865357060805734,2025-10,92.7,973350.0,78.01984372676061
865357060805742,2025-08,26.933333333333334,282800.0,26.889569172264547
865357060805742,2025-09,270.6,2841300.0,104.5803040005781
865357060805742,2025-10,39.46666666666667,414400.0,23.83973562027932
865357060805759,2025-07,59.8,627900.0,405.5670866756982
865357060805759,2025-08,35.05,368025.0,955.0443667345397
865357060805759,2025-09,110.41666666666667,1159375.0,2318.4640710991252
865357060805759,2025-10,17.766666666666666,186550.0,467.7045441122945
865357060805767,2025-07,18.316666666666666,192325.0,43.85779735870278
865357060805767,2025-08,11.116666666666667,116725.0,70.87898314733359
865357060805767,2025-09,61.65,647325.0,322.8682424073531
865357060805767,2025-10,13.766666666666667,144550.0,84.0024241961394
865357060805775,2025-07,34.95,366975.0,117.20999509917296
865357060805775,2025-08,305.21666666666664,3204775.0,804.9428807597056
865357060805775,2025-09,279.06666666666666,2930200.0,620.1074059951454
865357060805775,2025-10,20.533333333333335,215600.0,90.04764716972528
865357060805809,2025-07,53.166666666666664,558250.0,176.93137637427344
865357060805809,2025-08,114.06666666666666,1197700.0,765.6164362337465
865357060805809,2025-09,192.58333333333334,2022125.0,860.7449389774213
865357060805809,2025-10,36.06666666666667,378700.0,149.0582140384085
865357060805817,2025-07,0.13333333333333333,1400.0,58.79321373734229
865357060805817,2025-08,0.08333333333333333,875.0,43.00712947207879
865357060805825,2025-07,19.716666666666665,207025.0,125.88710776487767
865357060805825,2025-08,24.333333333333332,255500.0,99.22944095073763
865357060805825,2025-09,29.9,313950.0,144.11107278680333
865357060805825,2025-10,11.983333333333333,125825.0,56.70616949425769
865357060805841,2025-07,11.683333333333334,122675.0,55.71451267189758
865357060805841,2025-09,0.0,0.0,0.0
865357060805841,2025-10,0.0,0.0,0.0
865357060805858,2025-08,284.6666666666667,2989000.0,527.4694960877099
865357060805858,2025-09,264.9,9561482.0,520.4275163643861
865357060805858,2025-10,22.4,1966272.0,87.538598369881
865357060805866,2025-08,0.0,0.0,0.0
865357060805874,2025-07,35.5,372750.0,49.27253459332461
865357060805874,2025-08,214.98333333333332,2257325.0,398.06278410181636
865357060805874,2025-09,156.43333333333334,1642550.0,547.0150736108375
865357060805874,2025-10,1.9666666666666666,20650.0,71.5279440949117
865357060805882,2025-08,162.16666666666666,1702750.0,602.0238333136776
865357060805882,2025-09,195.73333333333332,2055200.0,808.430037895593
865357060805882,2025-10,42.983333333333334,451325.0,169.65045061954103
865357060805890,2025-08,0.0,0.0,2.210327770565563
865357060805890,2025-09,29.633333333333333,311150.0,60.452710861083006
865357060805890,2025-10,22.183333333333334,232925.0,15.592633435067032
865357060805924,2025-07,0.0,0.0,2.766431549849011
865357060805932,2025-08,0.06666666666666667,700.0,23.53245056200763
865357060805932,2025-09,0.0,0.0,0.0
865357060805932,2025-10,0.0,0.0,0.0
865357060805940,2025-07,0.6166666666666667,6475.0,7.5957741015305
865357060805973,2025-08,160.13333333333333,1681400.0,583.8289859903281
865357060805973,2025-09,391.51666666666665,4110925.0,663.0059166365807
865357060805973,2025-10,93.61666666666666,982975.0,144.82958519680983
865357060805981,2025-08,53.06666666666667,557200.0,166.33280352268773
865357060805981,2025-09,46.55,488775.0,191.72801699320877
865357060805981,2025-10,12.183333333333334,127925.0,34.83204211044342
865357060805999,2025-07,0.13333333333333333,1400.0,36.65169619885733
865357060805999,2025-08,101.66666666666667,1067500.0,112.24843933584704
865357060806005,2025-08,79.8,837900.0,44.086812965481336
865357060806005,2025-09,100.3,1053150.0,44.91717736763883
865357060806005,2025-10,0.0,0.0,0.0
865357060806013,2025-08,0.0,0.0,0.0
865357060806021,2025-08,4.483333333333333,47075.0,154.44044645287494
865357060806021,2025-09,3.533333333333333,37100.0,45.24586287588848
865357060806039,2025-07,0.03333333333333333,350.0,0.0
865357060806039,2025-08,16.016666666666666,168175.0,99.11458673718683
865357060806039,2025-09,77.05,809025.0,180.95063876325497
865357060806039,2025-10,15.15,159075.0,25.348544323761544
865357060806047,2025-08,255.03333333333333,2677850.0,422.5008085610479
865357060806047,2025-09,487.6,5119800.0,577.4888717442492
865357060806047,2025-10,91.01666666666667,955675.0,112.65549052063469
865357060806054,2025-08,124.11666666666666,1303225.0,186.8887440168972
865357060806054,2025-09,264.3666666666667,2775850.0,392.2563147095493
865357060806054,2025-10,42.18333333333333,442925.0,81.9880491069368
865357060806070,2025-07,46.18333333333333,484925.0,79.48011651761297
865357060806070,2025-08,256.95,14497749.0,349.09295425462784
865357060806070,2025-09,294.6,25683228.0,386.4617194878187
865357060806070,2025-10,55.03333333333333,4797806.0,69.24086722856187
865357060806088,2025-07,0.0,0.0,0.0
865357060806088,2025-08,136.06666666666666,1428700.0,74.71938242292018
865357060806088,2025-09,331.0833333333333,3476375.0,144.3765576855857
865357060806088,2025-10,92.81666666666666,974575.0,34.36431141236393
865357060806096,2025-08,18.483333333333334,194075.0,96.16730983801865
865357060806096,2025-09,95.6,1003800.0,252.51245407395916
865357060806096,2025-10,28.383333333333333,298025.0,53.28036544697618
865357060806104,2025-08,30.533333333333335,320600.0,60.67139189804306
865357060806104,2025-09,28.633333333333333,300650.0,66.47522472408075
865357060806104,2025-10,0.0,0.0,5.904041587760032
865357060806112,2025-07,86.98333333333333,913325.0,77.56612339521347
865357060806112,2025-08,301.48333333333335,3165575.0,257.02544716814265
865357060806112,2025-09,335.28333333333336,3520475.0,286.5778904969726
865357060806112,2025-10,91.16666666666667,957250.0,80.9777246258729
865357060806120,2025-07,0.0,0.0,3.0962910036460167
865357060806120,2025-08,9.2,96600.0,84.48185585967447
865357060806120,2025-09,180.43333333333334,1894550.0,17.905748798557322
865357060806120,2025-10,20.35,213675.0,0.0
865357060806138,2025-08,0.0,0.0,0.0
865357060806146,2025-07,229.08333333333334,2405375.0,259.82765518967244
865357060806146,2025-08,138.61666666666667,1455475.0,157.00688386947667
865357060806146,2025-09,0.0,0.0,0.0
865357060806146,2025-10,0.0,0.0,0.0
865357060806153,2025-07,28.716666666666665,301525.0,102.07352611179263
865357060806153,2025-08,139.6,1465800.0,554.8189247493839
865357060806153,2025-09,200.81666666666666,2108575.0,632.3992509612194
865357060806153,2025-10,23.383333333333333,245525.0,82.19728084449112
865357060806179,2025-08,219.88333333333333,2308775.0,329.0321878412933
865357060806179,2025-09,225.1,2363550.0,395.1944887194733
865357060806179,2025-10,50.4,529200.0,111.72328153099214
865357060806187,2025-07,5.766666666666667,60550.0,39.048854516532664
865357060806187,2025-08,24.616666666666667,258475.0,106.18897505562116
865357060806187,2025-09,52.55,551775.0,174.2534526206912
865357060806187,2025-10,10.816666666666666,113575.0,42.32314260816984
865357062660814,2025-08,209.9,2203950.0,449.67108543419243
865357062660814,2025-09,135.45,1422225.0,283.96399488824346
865357062660814,2025-10,1.55,16275.0,16.513160704262972
865357062660913,2025-08,0.0,0.0,0.0
865357062661085,2025-08,0.0,0.0,0.0
865357062661085,2025-09,78.6,825300.0,759.8927588700814
865357062661085,2025-10,12.8,134400.0,183.5130154829634
865357062661093,2025-08,57.86666666666667,607600.0,533.7048789949578
865357062661093,2025-09,76.91666666666667,807625.0,620.0612179736103
865357062661093,2025-10,15.116666666666667,158725.0,261.14505303390933
865357062661192,2025-08,9.983333333333333,104825.0,26.851618014569816
865357062661192,2025-09,89.61666666666666,940975.0,141.44152061212435
865357062661192,2025-10,13.083333333333334,137375.0,27.607234801876224
865357062661283,2025-08,95.6,1003800.0,275.66989639111915
865357062661283,2025-09,123.45,1296225.0,353.39783182177746
865357062661283,2025-10,19.616666666666667,205975.0,60.33804909762195
865357062661697,2025-08,0.03333333333333333,350.0,7.209084136236262
865357062661697,2025-09,243.06666666666666,2552200.0,517.5249071310442
865357062661697,2025-10,33.46666666666667,351400.0,216.97600614508644
865357062661739,2025-08,0.03333333333333333,350.0,14.258049797817268
865357062661754,2025-08,4.75,49875.0,11.035299840209749
865357062661754,2025-09,0.0,0.0,0.0
865357062661754,2025-10,2.35,24675.0,3.6353629499883704
865357062661762,2025-08,156.88333333333333,1647275.0,260.7696791338912
865357062661762,2025-09,235.31666666666666,2470825.0,416.83707940033355
865357062661762,2025-10,33.38333333333333,350525.0,78.7681281656483
865357062661879,2025-08,29.25,307125.0,134.32535137920968
865357062661879,2025-09,55.31666666666667,580825.0,215.69344176709066
865357062661879,2025-10,8.666666666666666,91000.0,33.19294469621407
865357062661937,2025-08,0.0,0.0,2.9221044274315067
865357062662000,2025-08,0.0,0.0,0.0
865357062662349,2025-08,31.483333333333334,330575.0,343.94506831442544
865357062662349,2025-09,42.81666666666667,449575.0,592.1490844945749
865357062662349,2025-10,4.2,44100.0,69.42521516951412
865357062662380,2025-08,0.0,0.0,3.253118581766892
865357062662398,2025-08,4.016666666666667,42175.0,19.740644934077846
865357062662398,2025-09,31.083333333333332,326375.0,45.74813836507448
865357062662398,2025-10,0.0,0.0,5.441622512157087
865357062662547,2025-08,4.516666666666667,47425.0,4.055596965922526
865357062662547,2025-09,0.0,0.0,0.0
865357062662547,2025-10,0.0,0.0,0.0
865357062662588,2025-08,93.83333333333333,985250.0,319.86713721808746
865357062662588,2025-09,48.15,505575.0,147.48145120824265
865357062662588,2025-10,0.0,0.0,0.0
865357062662810,2025-08,4.4,46200.0,158.34429652304544
865357062662810,2025-09,4.433333333333334,46550.0,181.46959967522056
865357062662810,2025-10,0.7166666666666667,7525.0,35.24538641316525
865357062662844,2025-08,0.0,0.0,2.793451542447085
865357062662869,2025-08,249.55,2620275.0,253.81572608160985
865357062662869,2025-09,134.8,1415400.0,238.7939188576906
865357062662885,2025-08,177.56666666666666,1864450.0,378.80705565883085
865357062662885,2025-09,377.05,3959025.0,809.5877983903989
865357062662885,2025-10,31.633333333333333,332150.0,130.92256436265984
865357062662919,2025-08,67.98333333333333,713825.0,702.2123685315931
865357062662919,2025-09,72.75,763875.0,702.692608485505
865357062662919,2025-10,16.733333333333334,175700.0,152.56492410341244
865357062662968,2025-08,11.85,124425.0,229.92655003327891
865357062662968,2025-09,16.4,172200.0,287.31349247494705
865357062662968,2025-10,5.05,53025.0,67.99625400826082
865357062662984,2025-08,4.283333333333333,44975.0,96.71334847760923
865357062662984,2025-09,3.5166666666666666,36925.0,86.50250482180228
865357062662984,2025-10,3.05,32025.0,63.91792868674119
865357062663008,2025-08,0.0,0.0,0.0
865357062788623,2025-09,0.0,0.0,0.0
865357062788631,2025-08,0.0,0.0,2.864119215395895
865357062788649,2025-09,0.0,0.0,3.3298869225601395
865357062788656,2025-09,0.0,0.0,2.8924671136131055
865357062788664,2025-08,0.0,0.0,0.0
865357062788672,2025-09,0.13333333333333333,1400.0,3.232757362273471
865357062788680,2025-09,0.0,0.0,0.0
865357062788698,2025-09,0.0,0.0,0.0
865357062788706,2025-08,0.0,0.0,3.1537758454483305
865357062788714,2025-09,0.0,0.0,2.7886018001858925
865357062788722,2025-09,0.0,0.0,0.0
865357062788730,2025-08,0.0,0.0,2.8855581553918035
865357062788748,2025-09,0.0,0.0,2.745897125274833
865357062788763,2025-09,0.0,0.0,0.0
865357062788771,2025-09,0.0,0.0,3.1739446148520214
865357062788789,2025-09,0.0,0.0,2.796646213936601
865357062788797,2025-08,0.0,0.0,2.9357106487754088
865357062788805,2025-09,0.0,0.0,0.0
865357062788813,2025-08,0.0,0.0,0.0
865357062788839,2025-09,0.0,0.0,3.242399111768938
865357062788847,2025-08,0.0,0.0,3.0829542124277363
865357062788854,2025-09,0.0,0.0,0.0
865357062788862,2025-09,0.05,525.0,2.9226625326917235
865357062788870,2025-08,0.0,0.0,0.0
865357062788888,2025-08,5.033333333333333,33734.0,2.9289364056169176
865357062788888,2025-09,0.8,213.0,0.0
865357062788896,2025-09,0.0,0.0,0.0
865357062788904,2025-09,0.0,0.0,0.0
865357062788912,2025-08,0.0,0.0,2.8280925585984624
865357062788920,2025-08,0.0,0.0,3.1236381613966326
865357062788938,2025-09,0.0,0.0,3.1197699145930615
865357062788946,2025-09,0.0,0.0,0.0
865357062788953,2025-09,0.0,0.0,3.0290874323123447
865357062788961,2025-09,0.0,0.0,0.0
865357062788979,2025-09,0.0,0.0,0.0
865357062788987,2025-09,0.0,0.0,0.0
865357062788995,2025-08,0.0,0.0,0.0
865357062788995,2025-09,13.183333333333334,138425.0,77.30621954903327
865357062788995,2025-10,0.9833333333333333,10325.0,9.910159635613008
865357062789001,2025-09,0.0,0.0,2.89262107368489
865357062789019,2025-08,0.0,0.0,0.0
865357062789019,2025-09,64.68333333333334,679175.0,61.08209963453559
865357062789019,2025-10,17.366666666666667,182350.0,18.224061246970535
865357062789027,2025-09,0.05,525.0,0.0
865357062789043,2025-09,0.0,0.0,0.0
865357062789050,2025-09,0.0,0.0,2.9568031786098037
865357062789068,2025-09,0.0,0.0,0.0
865357062789076,2025-09,0.0,0.0,0.0
865357062789084,2025-09,0.0,0.0,0.0
865357062789092,2025-08,0.0,0.0,2.831826090339222
865357062789100,2025-09,0.0,0.0,0.0
865357062789118,2025-09,0.0,0.0,0.0
865357062789126,2025-09,0.0,0.0,0.0
865357062789134,2025-09,0.0,0.0,2.9799934144222533
865357062789142,2025-09,0.0,0.0,0.0
865357062789159,2025-08,0.0,0.0,3.074909798677027
865357062789159,2025-09,110.4,1159200.0,116.63304897517175
865357062789167,2025-09,0.0,0.0,2.904379774167385
865357062789175,2025-08,0.0,0.0,0.0
865357062789183,2025-09,0.0,0.0,2.8581917526322154
865357062789191,2025-09,0.0,0.0,2.7488031216297544
865357062789209,2025-09,0.0,0.0,0.0
865357062789217,2025-09,0.0,0.0,0.0
865357062789225,2025-09,0.0,0.0,2.850801669186588
865357062789233,2025-09,0.0,0.0,0.0
865357062789241,2025-09,0.0,0.0,0.0
865357062789258,2025-08,0.0,0.0,0.0
865357062789258,2025-09,0.0,0.0,0.0
865357062789266,2025-08,0.0,0.0,2.744338279548021
865357062789274,2025-08,0.0,0.0,2.6835240511933804
865357062789274,2025-09,6.3,66150.0,12.501076703628371
865357062789274,2025-10,0.0,0.0,0.0
865357062789282,2025-09,0.0,0.0,3.057762495682096
865357062789290,2025-09,0.0,0.0,0.0
865357062789308,2025-09,0.05,525.0,2.753787578953758
865357062789316,2025-07,0.0,0.0,2.892332398550295
865357062789324,2025-09,0.0,0.0,2.834404921541603
865357062789332,2025-08,0.0,0.0,2.768663970889877
865357062789332,2025-09,77.66666666666667,815500.0,168.48095066926155
865357062789332,2025-10,23.216666666666665,243775.0,64.18999537859231
865357062789340,2025-07,6.483333333333333,68075.0,44.45556658241275
865357062789357,2025-09,0.0,0.0,2.8726062643529824
865357062789365,2025-09,0.0,0.0,2.7492842468540784
865357062789373,2025-09,0.0,0.0,0.0
865357062789381,2025-09,0.0,0.0,1.7872454933034052
865357062789415,2025-09,0.0,0.0,0.0
865357062789423,2025-09,0.0,0.0,2.998218437919672
865357062789449,2025-09,0.0,0.0,2.519845249878121
865357062789456,2025-09,0.0,0.0,0.0
865357062789472,2025-07,27.7,290850.0,183.5562590181257
865357062789472,2025-08,136.35,1431675.0,662.6034072739106
865357062789472,2025-09,183.1,1922550.0,813.867388015758
865357062789472,2025-10,24.133333333333333,253400.0,120.26602554404748
865357062789498,2025-09,0.0,0.0,0.0
865357062789506,2025-09,0.0,0.0,3.125004557033714
865357062789514,2025-09,0.0,0.0,3.146558967083461
865357062789530,2025-09,0.0,0.0,0.0
865357062789555,2025-09,0.0,0.0,2.797223564205791
865357062789563,2025-09,0.0,0.0,3.505497629438651
865357062789571,2025-09,0.0,0.0,3.207392440447074
865357062789589,2025-09,0.0,0.0,3.1010637658713183
865357062789597,2025-09,0.0,0.0,0.0
865357062789605,2025-09,0.0,0.0,0.0
865357062789613,2025-09,0.0,0.0,3.2325841571927145
865357062789621,2025-08,0.0,0.0,3.1119756859590018
865357062789621,2025-09,272.6666666666667,2863000.0,167.27902287886258
865357062789621,2025-10,86.36666666666666,906850.0,59.89012151377566
865357062789639,2025-09,0.0,0.0,3.255504962879543
865357062789647,2025-09,0.0,0.0,2.915869044524259
865357062789654,2025-09,0.0,0.0,0.0
865357062789662,2025-08,363.5,3816750.0,772.4582293737334
865357062789662,2025-09,584.1,6133050.0,1241.682397884553
865357062789662,2025-10,137.58333333333334,1444625.0,276.1791193285444
865357062789670,2025-08,0.0,0.0,0.0
865357062789670,2025-09,55.9,586950.0,112.73785915903909
865357062789670,2025-10,9.166666666666666,96250.0,16.413336842720085
865357062789696,2025-09,0.0,0.0,3.1318750252370706
865357062789704,2025-09,0.0,0.0,2.405587631605495
865357062789712,2025-09,0.0,0.0,0.0
865357062789720,2025-09,0.0,0.0,0.0
865357062789738,2025-09,0.0,0.0,0.0
865357062789746,2025-08,55.18333333333333,579425.0,134.3535260723461
865357062789746,2025-09,169.16666666666666,1776250.0,167.08218492708687
865357062789746,2025-10,35.916666666666664,377125.0,24.895382097474606
865357062789753,2025-09,0.0,0.0,2.9047646743468447
865357062789761,2025-09,0.0,0.0,2.7596765516994926
865357062789779,2025-09,0.0,0.0,3.0470237806751688
865357062789795,2025-09,0.0,0.0,2.741701713318722
865357062789803,2025-09,0.0,0.0,0.0
865357062789837,2025-09,0.0,0.0,0.0
865357062789845,2025-09,0.03333333333333333,350.0,0.0
865357062789852,2025-09,0.0,0.0,0.0
865357062789886,2025-09,0.0,0.0,3.1530252900983835
865357062789894,2025-09,0.0,0.0,3.0573583504936632
865357062789910,2025-08,0.0,0.0,3.030550052994291
865357062789936,2025-09,0.0,0.0,0.0
865357062789944,2025-09,0.0,0.0,3.2050637943613425
865357062789951,2025-09,0.0,0.0,3.1738098997892106
865357062789969,2025-08,0.016666666666666666,175.0,0.0
865357062789977,2025-08,0.03333333333333333,350.0,0.0
865357062789977,2025-09,362.28333333333336,3803975.0,216.83107198251088
865357062789977,2025-10,112.85,1184925.0,72.57404504765638
865357062789985,2025-08,0.5166666666666667,5425.0,0.0
865357062789993,2025-08,0.0,0.0,0.0
865357062790009,2025-09,0.0,0.0,0.0
865357062790017,2025-08,0.0,0.0,0.0
865357062790017,2025-09,97.51666666666667,1023925.0,181.9105028307917
865357062790025,2025-08,0.0,0.0,2.9653864526117553
865357062790033,2025-09,0.0,0.0,3.027316891486829
865357062790041,2025-09,0.0,0.0,2.3698304049336842
865357062790058,2025-08,0.016666666666666666,175.0,0.0
865357062790058,2025-09,38.85,407925.0,130.57636589624477
865357062790058,2025-10,0.0,0.0,0.0
865357062790066,2025-09,0.0,0.0,0.0
865357062790074,2025-09,0.016666666666666666,175.0,3.113534531685813
865357062790082,2025-08,0.06666666666666667,700.0,10.026476469845743
865357062790082,2025-09,156.8,1646400.0,105.86590908999162
865357062790082,2025-10,85.06666666666666,893200.0,42.60030922739881
865357062790090,2025-09,0.0,0.0,3.0345530148606725
865357062790108,2025-09,0.0,0.0,0.0
865357062790116,2025-09,0.0,0.0,2.9836499661271207
865357062790132,2025-09,0.0,0.0,2.8262835277550016
865357062790140,2025-09,0.0,0.0,0.0
865357062790165,2025-09,0.0,0.0,0.6082385085912707
865357062790173,2025-09,0.0,0.0,0.0
865357062790181,2025-09,0.0,0.0,2.9442554327594155
865357062790199,2025-07,0.0,0.0,0.0
865357062790199,2025-08,185.43333333333334,1947050.0,273.0257668732935
865357062790199,2025-09,90.1,946050.0,70.64989056051915
865357062790199,2025-10,0.08333333333333333,875.0,34.83714203782126
865357062790207,2025-09,0.08333333333333333,875.0,3.3457448099538802
865357062790215,2025-09,0.0,0.0,2.8438542209473385
865357062790223,2025-09,0.0,0.0,3.011689944200764
865357062790231,2025-09,0.0,0.0,0.0
865357062790249,2025-09,0.0,0.0,0.0
865357062790256,2025-08,0.0,0.0,0.0
865357062790256,2025-09,0.0,0.0,0.0
865357062790272,2025-09,0.0,0.0,3.0171170367311455
865357062790280,2025-08,0.0,0.0,2.9294752658681613
865357062790280,2025-09,107.53333333333333,1129100.0,241.3311615956803
865357062790280,2025-10,16.183333333333334,169925.0,36.660837578119505
865357062790298,2025-09,0.0,0.0,2.7346387950256354
865357062790306,2025-09,0.0,0.0,3.0785278603639497
865357062790314,2025-09,0.0,0.0,2.795068123200816
865357062790322,2025-09,0.0,0.0,0.0
865357062790348,2025-09,0.0,0.0,3.0171170367311455
865357062790355,2025-09,0.0,0.0,0.0
865357062790363,2025-09,0.0,0.0,0.0
865357062790371,2025-09,0.0,0.0,0.0
865357062790389,2025-09,0.0,0.0,3.1842022046346243
865357062790405,2025-08,63.983333333333334,671825.0,47.22413432825776
865357062790405,2025-09,76.31666666666666,801325.0,62.005398185023644
865357062790405,2025-10,2.1666666666666665,22750.0,5.974035685394788
865357062790413,2025-09,0.0,0.0,3.102507141544291
865357062790421,2025-08,0.0,0.0,0.0
865357062790421,2025-09,0.0,0.0,6.421289693927018
865357062790439,2025-08,0.0,0.0,2.786061459001458
865357062790447,2025-08,0.0,0.0,2.6209392820132247
865357062790454,2025-09,0.0,0.0,3.2052947344690184
865357062790470,2025-09,0.0,0.0,3.0815300817637357
865357062790488,2025-09,0.0,0.0,2.6945321963259294
865357062790496,2025-09,0.0,0.0,0.0
865357062790504,2025-09,0.0,0.0,2.8914856181554836
865357062790512,2025-07,0.0,0.0,0.0
865357062790512,2025-08,40.36666666666667,423850.0,106.78522392362225
865357062790512,2025-09,0.0,0.0,0.0
865357062790512,2025-10,0.0,0.0,0.0
865357062790520,2025-09,0.0,0.0,3.1134190616319755
865357062790538,2025-09,0.0,0.0,3.2448817179264533
865357062790546,2025-07,0.0,0.0,0.0
865357062790546,2025-08,98.91666666666667,1038625.0,205.64935611403465
865357062790546,2025-09,99.26666666666667,1042300.0,122.72030304835462
865357062790553,2025-09,0.0,0.0,3.0108816538238985
865357062790561,2025-09,0.0,0.0,3.3560216447454567
865357062790579,2025-09,0.0,0.0,3.152852085017627
865357062790587,2025-09,0.0,0.0,0.0
865357062790595,2025-09,0.0,0.0,0.0
865357062790603,2025-09,0.0,0.0,2.8016884062875236
865357062790611,2025-09,0.0,0.0,3.0075907572895177
865357062790629,2025-09,0.05,525.0,5.596718039470394
865357062790637,2025-09,0.0,0.0,3.004877211024326
865357062790645,2025-09,0.0,0.0,0.0
865357062790652,2025-08,0.0,0.0,0.0
865357062790652,2025-09,169.23333333333332,1776950.0,226.07558524776618
865357062790652,2025-10,58.13333333333333,610400.0,87.55780488883605
865357062790660,2025-09,0.0,0.0,0.0
865357062790678,2025-09,0.0,0.0,3.634901069773019
865357062790686,2025-09,0.0,0.0,3.2195360411090292
865357062790694,2025-09,0.0,0.0,2.46205248793224
865357062790710,2025-09,0.0,0.0,3.0660763395584256
865357062790728,2025-09,0.0,0.0,0.0
865357062790736,2025-09,0.0,0.0,3.1078764990477556
865357062790744,2025-09,0.0,0.0,2.922239142494318
865357062790751,2025-09,0.0,0.0,0.0
865357062790769,2025-09,0.0,0.0,0.0
865357062790777,2025-09,0.016666666666666666,175.0,2.8549970811426992
865357062790785,2025-08,28.916666666666668,303625.0,275.6469755854323
865357062790785,2025-09,67.21666666666667,705775.0,366.91250465799516
865357062790785,2025-10,8.0,84000.0,53.08250750972489
865357062790793,2025-07,0.0,0.0,2.780480406399292
865357062790793,2025-08,15.95,167475.0,48.07285846897548
865357062790793,2025-09,174.41666666666666,1831375.0,156.81581942039284
865357062790793,2025-10,41.016666666666666,430675.0,59.25330416685951
865357062790801,2025-08,0.0,0.0,0.0
865357062790819,2025-09,0.0,0.0,0.0
865357062790827,2025-09,0.0,0.0,0.0
865357062790835,2025-09,0.0,0.0,0.0
865357062790843,2025-09,0.0,0.0,3.2495197650889436
865357062790868,2025-09,0.0,0.0,3.127949043406581
865357062790876,2025-09,0.0,0.0,3.156778066848117
865357062790884,2025-07,91.63333333333334,962150.0,469.3125223470145
865357062790884,2025-08,126.26666666666667,1325800.0,317.9322055259254
865357062790884,2025-09,0.0,0.0,0.0
865357062790900,2025-09,0.0,0.0,0.0
865357062790918,2025-09,0.0,0.0,2.7740525734023134
865357062790934,2025-09,0.13333333333333333,1400.0,2.912154757792472
865357062790942,2025-09,0.0,0.0,3.1078764990477556
865357062790959,2025-09,0.0,0.0,0.0
865357062790967,2025-09,0.0,0.0,3.1318750252370706
865357062790975,2025-09,0.0,0.0,2.7977624244570345
865357062790983,2025-09,0.0,0.0,3.0149231057082257
865357062790991,2025-09,0.0,0.0,0.0
865357062791007,2025-09,0.0,0.0,0.0
865357062791015,2025-09,0.0,0.0,3.224905398612491
865357062791023,2025-09,0.0,0.0,0.0
865357062791031,2025-09,0.0,0.0,3.262029020921386
865357062791049,2025-08,0.0,0.0,2.80630720844104
865357062791056,2025-08,0.0,0.0,0.0
865357062791064,2025-09,0.0,0.0,2.8579993025424852
865357062791072,2025-09,0.0,0.0,3.107356883805485
865357062791080,2025-09,0.016666666666666666,175.0,3.1150356423857066
865357062791098,2025-08,0.0,0.0,2.7199933431971917
865357062791106,2025-09,0.0,0.0,2.7732057930075027
865357062791114,2025-09,0.0,0.0,0.0
865357062791122,2025-09,0.0,0.0,2.8432768706781504
865357062791130,2025-08,0.0,0.0,0.0
865357062791130,2025-09,121.31666666666666,1273825.0,568.2580994154006
865357062791130,2025-10,6.65,69825.0,32.667863871395085
865357062791148,2025-09,0.0,0.0,3.1238306114863614
865357062791155,2025-09,0.0,0.0,2.9245292985621036
865357062791163,2025-09,0.0,0.0,3.0815300817637357
865357062791171,2025-09,0.03333333333333333,350.0,0.0
865357062791189,2025-09,0.11666666666666667,1225.0,3.264203706935333
865357062791205,2025-09,0.0,0.0,0.0
865357062791213,2025-09,0.0,0.0,2.7578290308380855
865357062791221,2025-09,0.0,0.0,0.0
865357062791239,2025-09,0.0,0.0,2.9181592005920445
865357062791247,2025-09,0.0,0.0,2.668224269059855
865357062791254,2025-09,0.0,0.0,3.1360704371931822
865357062791262,2025-09,0.0,0.0,0.0
865357062791270,2025-08,178.46666666666667,1873900.0,192.88325639183924
865357062791270,2025-09,274.81666666666666,2885575.0,242.2104083206292
865357062791270,2025-10,61.38333333333333,644525.0,46.18923397073536
865357062791288,2025-09,0.0,0.0,3.027047461361208
865357062791296,2025-09,0.0,0.0,0.0
865357062791304,2025-09,0.0,0.0,0.0
865357062791312,2025-09,0.0,0.0,2.8496854586661544
865357062791320,2025-09,0.0,0.0,0.0
865357062791338,2025-07,0.03333333333333333,350.0,0.0
865357062791338,2025-08,703.2833333333333,7384475.0,759.9444124741649
865357062791338,2025-09,944.1333333333333,9913400.0,891.0517481679744
865357062791338,2025-10,179.11666666666667,1880725.0,169.0212927861961
865357062791346,2025-09,1.6333333333333333,17150.0,0.0
865357062791353,2025-09,0.0,0.0,0.0
865357062791361,2025-09,0.0,0.0,0.0
865357062791379,2025-09,118.0,1239000.0,225.8896207260602
865357062791379,2025-10,47.93333333333333,503300.0,109.48418247201197
865357062791387,2025-09,0.0,0.0,0.0
865357062791395,2025-08,125.43333333333334,1317050.0,236.3844244892636
865357062791395,2025-09,236.45,2482725.0,389.53922736270704
865357062791395,2025-10,48.483333333333334,509075.0,78.77682690970411
865357062791403,2025-09,0.0,0.0,3.117191083390681
865357062791411,2025-09,0.0,0.0,0.0
865357062791429,2025-09,0.0,0.0,3.153795090457303
865357062791437,2025-09,0.0,0.0,3.004415330808974
865357062791445,2025-08,0.0,0.0,0.0
865357062791445,2025-09,51.53333333333333,541100.0,490.56678723681785
865357062791445,2025-10,5.2,54600.0,98.13386107992339
865357062791452,2025-09,0.0,0.0,3.475879560629223
865357062791460,2025-09,0.0,0.0,0.0
865357062791478,2025-09,0.0,0.0,0.0
865357062791486,2025-09,0.0,0.0,3.092749921994988
865357062791494,2025-09,0.016666666666666666,175.0,3.0442524993830578
865357062791502,2025-08,0.0,0.0,2.9036869538443577
865357062791510,2025-09,0.0,0.0,0.0
865357062791528,2025-09,0.0,0.0,2.740816442905964
865357062791536,2025-09,0.0,0.0,3.170114858066396
865357062791544,2025-08,0.0,0.0,2.9244715635351843
865357062791551,2025-09,0.0,0.0,2.630985176697125
865357062791569,2025-09,0.0,0.0,0.0
865357062791585,2025-09,0.0,0.0,3.0907484410617965
865357062791593,2025-07,0.0,0.0,0.0
865357062791593,2025-08,5.15,54075.0,57.46384549752421
865357062791601,2025-09,0.0,0.0,3.107356883805485
865357062791627,2025-09,0.0,0.0,0.0
865357062791635,2025-09,0.0,0.0,0.0
865357062791643,2025-09,0.0,0.0,2.832595890698142
865357062791650,2025-09,0.0,0.0,2.52679269811737
865357062791668,2025-08,0.0,0.0,0.0
865357062791668,2025-09,133.33333333333334,1400000.0,172.20478292549876
865357062791668,2025-10,26.783333333333335,281225.0,67.9809542261273
865357062791676,2025-09,0.0,0.0,3.1007558457277495
865357062791684,2025-09,0.1,1050.0,2.9778187284083057
865357062791692,2025-08,0.03333333333333333,350.0,0.0
865357062791700,2025-09,0.0,0.0,0.0
865357062791718,2025-09,0.0,0.0,3.2350282733322837
865357062791726,2025-09,0.0,0.0,3.030857973137859
865357062791734,2025-09,0.0,0.0,2.478757155720793
865357062791759,2025-09,0.0,0.0,3.084705508244278
865357062791767,2025-08,0.0,0.0,2.911404202442525
865357062791767,2025-09,65.35,686175.0,97.46761811428753
865357062791767,2025-10,21.966666666666665,230650.0,34.33621369926337
865357062791775,2025-08,0.0,0.0,0.0
865357062791783,2025-09,0.0,0.0,0.0
865357062791791,2025-09,0.0,0.0,0.0
865357062791809,2025-09,0.0,0.0,2.978954183937711
865357062791817,2025-09,0.0,0.0,3.035284325201646
865357062791825,2025-08,0.0,0.0,0.0
865357062791833,2025-09,0.0,0.0,0.0
865357062791841,2025-09,0.4666666666666667,4900.0,0.0
865357062791858,2025-09,0.0,0.0,0.0
865357062791866,2025-09,0.0,0.0,0.0
865357062791874,2025-09,0.0,0.0,0.0
865357062791882,2025-09,0.0,0.0,0.0
865357062791890,2025-09,0.0,0.0,3.1814309233425138
865357062791908,2025-09,0.0,0.0,2.8531880502992384
865357062791916,2025-08,0.0,0.0,2.7841754481221046
865357062791916,2025-09,57.166666666666664,600250.0,210.72216727423339
865357062791916,2025-10,46.266666666666666,485800.0,104.61717743777035
865357062791924,2025-09,0.0,0.0,0.0
865357062791932,2025-09,0.016666666666666666,175.0,3.1506004189677874
865357062791940,2025-09,0.0,0.0,2.598788276685316
865357062791957,2025-08,0.0,0.0,2.736948196102394
865357062791957,2025-09,18.766666666666666,197050.0,233.2397322880505
865357062791957,2025-10,5.5,57750.0,65.83686777644675
865357062791965,2025-09,0.0,0.0,3.117980128758574
865357062791973,2025-09,0.0,0.0,3.1098009999450538
865357062791981,2025-09,0.0,0.0,2.822088115798891
865357062791999,2025-09,0.06666666666666667,700.0,2.3326490475978723
865357062792005,2025-09,0.0,0.0,0.0
865357062792013,2025-08,0.0,0.0,0.0
865357062792013,2025-09,327.3666666666667,3437350.0,602.0698481301321
865357062792013,2025-10,63.31666666666667,664825.0,177.08812697235845
865357062792021,2025-09,0.0,0.0,2.829266504145815
865357062792039,2025-09,0.0,0.0,2.944197697732496
865357062792047,2025-09,0.0,0.0,2.7449348748261833
865357062792062,2025-09,0.0,0.0,0.0
865357062792070,2025-09,0.0,0.0,0.0
865357062792088,2025-09,0.0,0.0,0.0
865357062792096,2025-09,0.0,0.0,0.0
865357062792104,2025-09,0.0,0.0,0.0
865357062792112,2025-09,0.0,0.0,0.0
865357062792120,2025-09,0.0,0.0,0.0
865357062792138,2025-09,0.0,0.0,3.000219918852863
865357062792153,2025-09,0.0,0.0,0.0
865357062792161,2025-09,0.0,0.0,2.716548486591027
865357062792179,2025-09,0.0,0.0,3.127949043406581
865357062792187,2025-09,0.03333333333333333,350.0,3.0345530148606725
865357062792195,2025-09,0.03333333333333333,350.0,3.137321362776426
865357062792203,2025-09,0.0,0.0,0.0
865357062792211,2025-09,0.0,0.0,3.0844360781186566
865357062792229,2025-09,0.0,0.0,0.0
865357062792237,2025-09,0.0,0.0,0.0
865357062792245,2025-09,0.0,0.0,0.0
865357062792252,2025-09,0.016666666666666666,175.0,2.8140437020481817
865357062792260,2025-08,0.0,0.0,0.0
865357062792278,2025-09,0.0,0.0,3.262221471011115
865357062792286,2025-09,0.0,0.0,1.8376674168126328
865357062792294,2025-09,0.0,0.0,3.00077802411308
865357062792310,2025-09,0.0,0.0,2.9926951203444245
865357062792328,2025-09,0.0,0.0,3.0611111272433953
865357062792336,2025-09,0.0,0.0,2.713700225263025
865357062792344,2025-09,0.0,0.0,0.0
865357062792351,2025-09,0.0,0.0,2.766431549849011
865357062792369,2025-09,0.0,0.0,0.0
865357062792377,2025-09,0.0,0.0,2.8688919776211965
865357062792385,2025-09,0.0,0.0,1.7307806369766596
865357062792393,2025-09,0.0,0.0,0.0
865357062792401,2025-09,0.0,0.0,0.0
865357062792419,2025-08,0.0,0.0,0.0
865357062792427,2025-08,0.016666666666666666,175.0,3.1602421684632542
865357062792435,2025-08,0.0,0.0,2.7775166750174507
865357062792443,2025-09,0.0,0.0,0.0
865357062792450,2025-09,0.0,0.0,0.0
865357062792468,2025-09,0.0,0.0,2.8323649505904664
865357062792476,2025-08,0.0,0.0,2.942927527140279
865357062792476,2025-09,140.61666666666667,1476475.0,344.2350136196125
865357062792476,2025-10,0.0,0.0,10.577595791805185
865357062792484,2025-08,0.0,0.0,3.183316934221866
865357062792484,2025-09,290.75,3052875.0,1062.4494916421909
865357062792484,2025-10,63.416666666666664,665875.0,280.3427577748413
865357062792492,2025-08,0.0,0.0,2.879823142717853
865357062792492,2025-09,99.66666666666667,1046500.0,268.9216147497321
865357062792492,2025-10,117.25,1231125.0,298.6310203717457
865357062792500,2025-09,0.0,0.0,0.0
865357062792518,2025-09,0.0,0.0,2.641088806407943
865357062792526,2025-09,0.0,0.0,0.0
865357062792534,2025-09,0.0,0.0,2.7531524936576495
865357062792542,2025-09,0.0,0.0,0.0
865357062792559,2025-09,0.06666666666666667,700.0,0.0
865357062792567,2025-09,0.0,0.0,0.0
865357062792575,2025-08,0.0,0.0,3.0240837299793677
865357062792575,2025-09,73.93333333333334,776300.0,191.69853363946214
865357062792575,2025-10,115.76666666666667,1215550.0,165.8899566212103
865357062792583,2025-09,0.0,0.0,0.0
865357062792591,2025-08,0.0,0.0,2.97572102243025
865357062792591,2025-09,83.03333333333333,871850.0,64.56698585936418
865357062792591,2025-10,36.68333333333333,385175.0,25.429065441304527
865357062792609,2025-09,0.0,0.0,3.0089956429445452
865357062792617,2025-08,0.0,0.0,0.0
865357062792617,2025-09,207.41666666666666,2177875.0,275.590183563953
865357062792617,2025-10,79.38333333333334,833525.0,107.26767705356608
865357062792625,2025-09,0.0,0.0,0.0
865357062792633,2025-08,0.0,0.0,0.0
865357062792633,2025-09,572.1166666666667,6007225.0,668.1099239563247
865357062792633,2025-10,191.33333333333334,2009000.0,215.5968510670552
865357062792641,2025-08,0.0,0.0,2.742125103516128
865357062792641,2025-09,9.3,97650.0,37.36318418058868
865357062792641,2025-10,0.0,0.0,0.0
865357062792658,2025-09,0.0,0.0,0.0
865357062792666,2025-09,0.0,0.0,2.979493044188955
865357062792674,2025-09,0.0,0.0,3.0395567171936495
865357062792708,2025-09,0.0,0.0,2.9011273676509504
865357062792716,2025-08,0.0,0.0,0.0
865357062792724,2025-09,0.0,0.0,1.8345304803500357
865357062792757,2025-08,0.0,0.0,0.0
865357062792757,2025-09,0.0,0.0,0.0
865357062792773,2025-09,0.0,0.0,3.2791570789073443
865357062792781,2025-08,0.0,0.0,0.0
865357062792799,2025-09,0.0,0.0,2.7061561817456137
865357062792807,2025-09,0.0,0.0,2.691606954962036
865357062792815,2025-09,0.0,0.0,0.0
865357062792849,2025-08,0.0,0.0,0.0
865357062792849,2025-09,187.28333333333333,1966475.0,251.41192823583884
865357062792849,2025-10,47.3,496650.0,79.09217562673548
865357062792856,2025-09,0.0,0.0,2.6800599495782427
865357062792864,2025-08,0.0,0.0,0.0
865357062792872,2025-09,0.2,2100.0,3.350132671999722
865357062792880,2025-08,0.0,0.0,3.102218466409697
865357062792880,2025-09,18.583333333333332,195125.0,601.2321898695739
865357062792880,2025-10,10.566666666666666,110950.0,63.51672798468132
865357062792898,2025-09,0.0,0.0,0.0
865357062792906,2025-09,0.0,0.0,2.6253848790859853
865357062792914,2025-08,0.0,0.0,0.0
865357062792914,2025-09,0.0,0.0,17.858790976663233
865357062792914,2025-10,0.0,0.0,0.0
865357062792922,2025-09,0.0,0.0,0.0
865357062792930,2025-09,0.0,0.0,0.7737840757769094
865357062792948,2025-08,0.016666666666666666,175.0,2.8865204058404523
865357062792948,2025-09,20.883333333333333,219275.0,32.300611365163554
865357062792948,2025-10,0.0,0.0,0.0
865357062792955,2025-08,0.0,0.0,0.0
865357062792955,2025-09,239.7,2516850.0,439.96786738006597
865357062792955,2025-10,66.5,698250.0,177.99135297848767
865357062792963,2025-09,0.0,0.0,2.7654308093824147
865357062792971,2025-09,0.0,0.0,0.0
865357062792989,2025-09,0.0,0.0,0.0
865357062793003,2025-09,0.0,0.0,2.945179193190119
865357062793011,2025-08,0.06666666666666667,700.0,3.101583381113589
865357062793029,2025-08,0.0,0.0,0.0
865357062793029,2025-09,99.66666666666667,1046500.0,203.11059302033607
865357062793029,2025-10,60.11666666666667,631225.0,109.78219143595868
865357062793037,2025-09,0.0,0.0,0.0
865357062793045,2025-09,0.0,0.0,0.0
865357062793052,2025-09,14.633333333333333,153650.0,60.64910617765234
865357062793052,2025-10,0.0,0.0,10.012177428178813
865357062793060,2025-09,0.0,0.0,2.966425683096297
865357062793078,2025-08,0.0,0.0,0.0
865357062793094,2025-09,0.0,0.0,0.0
865357062793102,2025-09,0.0,0.0,2.772666932756258
865357062793110,2025-09,0.0,0.0,0.0
865357062793128,2025-08,0.0,0.0,0.0
865357062793128,2025-09,91.61666666666666,961975.0,70.33404147325447
865357062793128,2025-10,38.416666666666664,403375.0,22.246133407262118
865357062793136,2025-09,0.0,0.0,0.0
865357062793144,2025-07,0.0,0.0,2.911077037289984
865357062793144,2025-08,0.0,0.0,71.32762279651187
865357062793151,2025-09,0.0,0.0,3.182219968710406
865357062793169,2025-09,0.0,0.0,2.810021495172827
865357062793177,2025-09,0.0,0.0,0.0
865357062793185,2025-09,0.0,0.0,2.631370076876584
865357062793193,2025-09,0.0,0.0,3.088746960128605
865357062793201,2025-09,0.0,0.0,2.788486330132055
865357062793219,2025-09,0.0,0.0,0.0
865357062793227,2025-07,132.76666666666668,1394050.0,142.94842405971826
865357062793227,2025-08,171.08333333333334,1796375.0,156.3393707332486
865357062793227,2025-09,0.0,0.0,0.0
865357062793227,2025-10,0.0,0.0,0.0
865357062793235,2025-09,0.0,0.0,0.0
865357062793243,2025-09,0.0,0.0,0.0
865357062793250,2025-07,109.91666666666667,1154125.0,70.6365345242919
865357062793276,2025-09,0.0,0.0,0.0
865357062793284,2025-09,0.0,0.0,0.0
865357062793292,2025-09,0.0,0.0,0.0
865357062793300,2025-07,131.38333333333333,1379525.0,187.15180404454895
865357062793300,2025-08,192.43333333333334,2020550.0,283.09573706341814
865357062793300,2025-09,0.0,0.0,0.0
865357062793300,2025-10,0.0,0.0,0.0
865357062793318,2025-09,0.0,0.0,2.826225792728083
865357062793326,2025-09,0.0,0.0,0.0
865357062793334,2025-08,0.0,0.0,2.894757269680891
865357062793334,2025-09,25.85,271425.0,111.60773449711834
865357062793334,2025-10,25.5,267750.0,56.3759443852902
865357062793342,2025-09,0.0,0.0,0.0
865357062793359,2025-09,0.0,0.0,2.8507246891506965
865357062793367,2025-09,0.0,0.0,0.0
865357062793375,2025-09,0.0,0.0,3.2918780298384887
865357062793383,2025-09,0.0,0.0,2.831441190159763
865357062793391,2025-09,0.0,0.0,3.103450146983968
865357062793409,2025-09,0.0,0.0,3.2157832643592967
865357062793417,2025-09,0.0,0.0,3.0183872073233635
865357062793425,2025-09,0.0,0.0,0.0
865357062793433,2025-09,0.0,0.0,3.234200737946446
865357062793441,2025-09,0.0,0.0,2.864119215395895
865357062793458,2025-09,0.0,0.0,2.591629133347365
865357062793466,2025-09,0.0,0.0,0.0
865357062793474,2025-09,0.0,0.0,0.0
865357062793490,2025-09,0.0,0.0,2.7279222868940627
865357062793508,2025-08,0.0,0.0,3.148752898106381
865357062793516,2025-09,0.0,0.0,0.0
865357062793524,2025-09,0.0,0.0,0.0
865357062793532,2025-08,0.0,0.0,2.8495699886123167
865357062793540,2025-09,0.0,0.0,2.9479504744822296
865357062793557,2025-09,0.0,0.0,0.0
865357062793565,2025-09,0.0,0.0,3.127544898218148
865357062793573,2025-09,0.0,0.0,0.0
865357062793581,2025-08,0.0,0.0,0.0
865357062793581,2025-09,0.0,0.0,0.0
865357062793581,2025-10,0.0,0.0,0.0
865357062793599,2025-08,0.0,0.0,0.0
865357062793599,2025-09,25.85,271425.0,111.35337321352236
865357062793607,2025-09,0.0,0.0,2.7773627149456677
865357062793615,2025-08,0.0,0.0,2.933555207770434
865357062793615,2025-09,0.0,0.0,0.0
865357062793623,2025-09,0.0,0.0,2.9356336687395173
865357062793631,2025-08,102.61666666666666,1077475.0,372.50342994976467
865357062793631,2025-09,122.66666666666667,1288000.0,392.07743235114543
865357062793631,2025-10,22.083333333333332,231875.0,86.9730645362008
865357062793649,2025-09,0.0,0.0,2.949913465397474
865357062793656,2025-09,0.0,0.0,2.8451821265664754
865357062793664,2025-09,0.0,0.0,0.0
865357062793672,2025-08,0.0,0.0,0.0
865357062793680,2025-09,0.0,0.0,0.0
865357062793706,2025-09,0.0,0.0,0.0
865357062793714,2025-09,0.0,0.0,3.0547602742823097
865357062793722,2025-09,0.0,0.0,2.7442997895300745
865357062793730,2025-09,0.0,0.0,3.2989986831584943
865357062793748,2025-09,0.0,0.0,2.84327687067815
865357062793755,2025-08,0.0,0.0,3.529303705538236
865357062793755,2025-09,147.78333333333333,1551725.0,130.2335930414269
865357062793755,2025-10,49.15,516075.0,68.49431484048174
865357062793771,2025-09,0.0,0.0,0.0
865357062793789,2025-09,0.0,0.0,0.0
865357062793797,2025-09,0.0,0.0,3.0844360781186566
865357062793805,2025-09,0.0,0.0,0.0
865357062793813,2025-09,0.0,0.0,0.0
865357062793821,2025-08,0.03333333333333333,350.0,2.968253958948731
865357062793839,2025-09,0.0,0.0,0.0
865357062793847,2025-09,0.0,0.0,0.0
865357062793854,2025-09,0.0,0.0,0.0
865357062793862,2025-08,0.0,0.0,0.0
865357062793870,2025-09,0.0,0.0,3.0641133486431813
865357062793888,2025-08,0.0,0.0,3.1548728109597906
865357062793888,2025-09,68.36666666666666,717850.0,175.7295832989373
865357062793888,2025-10,54.18333333333333,568925.0,91.41841142384426
865357062793896,2025-09,0.0,0.0,3.3457448099538802
865357062793904,2025-09,0.0,0.0,3.188513086644573
865357062793912,2025-09,0.0,0.0,3.0082258425856256
865357062793920,2025-09,0.0,0.0,3.169652977851045
865357062793938,2025-08,0.0,0.0,3.078431635319084
865357062793946,2025-08,0.0,0.0,2.8213375604489443
865357062793946,2025-09,274.1,2878050.0,187.9768760692389
865357062793946,2025-10,57.1,599550.0,45.40827150661153
865357062793953,2025-09,0.0,0.0,2.543420385870031
865357062793961,2025-09,0.03333333333333333,350.0,3.4813066531596055
865357062793979,2025-08,0.0,0.0,0.0
865357062793979,2025-09,137.68333333333334,1445675.0,253.19561340248225
865357062793979,2025-10,118.71666666666667,1246525.0,210.2014358214423
865357062793987,2025-09,0.0,0.0,3.3441089841911777
865357062793995,2025-09,0.0,0.0,0.0
865357062794001,2025-09,0.0,0.0,0.0
865357062794019,2025-09,0.0,0.0,5.078623152908596
865357062794027,2025-08,0.0,0.0,0.0
865357062794027,2025-09,85.56666666666666,898450.0,887.9290722570264
865357062794027,2025-10,23.783333333333335,249725.0,317.11741033602704
865357062794035,2025-09,0.0,0.0,0.0
865357062794043,2025-08,10.816666666666666,113575.0,37.4567149241974
865357062794043,2025-09,171.13333333333333,1796900.0,193.25308772927315
865357062794043,2025-10,39.6,415800.0,50.98478228666028
865357062794050,2025-09,0.0,0.0,0.0
865357062794068,2025-09,0.0,0.0,0.0
865357062794076,2025-09,0.0,0.0,0.0
865357062794084,2025-09,0.11666666666666667,1225.0,3.812147602414234
865357062794092,2025-09,0.0,0.0,3.219978676315408
865357062794100,2025-09,0.0,0.0,2.7805188964172376
865357062794134,2025-07,13.35,140175.0,71.32452435006724
865357062794134,2025-08,0.0,0.0,10.701822324725823
865357062794142,2025-09,0.0,0.0,2.463495863605214
865357062794159,2025-08,0.0,0.0,0.0
865357062794167,2025-09,0.0,0.0,0.0
865357062794175,2025-09,0.0,0.0,2.715201335962918
865357062794183,2025-09,0.03333333333333333,350.0,2.153689709158061
865357062794191,2025-08,0.0,0.0,0.0
865357062794191,2025-09,208.83333333333334,2192750.0,0.0
865357062794209,2025-09,0.0,0.0,0.0
865357062794217,2025-09,0.0,0.0,2.8749734004566605
865357062794225,2025-09,0.0,0.0,3.2000216020104193
865357062794233,2025-09,0.0,0.0,2.6875655030777077
865357062794241,2025-08,0.0,0.0,2.748764631611808
865357062794241,2025-09,16.916666666666668,177625.0,28.88525735775438
865357062794241,2025-10,12.633333333333333,132650.0,12.259109205810999
865357062794258,2025-09,0.0,0.0,0.0
865357062794266,2025-09,0.0,0.0,3.3560216447454567
865357062794274,2025-09,0.0,0.0,2.545190926695546
865357062794282,2025-09,0.0,0.0,0.0
865357062794290,2025-09,0.0,0.0,0.0
865357062794308,2025-09,0.0,0.0,0.0
865357062794316,2025-09,0.0,0.0,0.0
865357062794324,2025-09,0.0,0.0,0.0
865357062794332,2025-09,0.0,0.0,0.0
865357062794340,2025-09,0.0,0.0,0.0
865357062794357,2025-09,0.0,0.0,0.0
865357062794365,2025-08,0.0,0.0,0.0
865357062794373,2025-09,0.0,0.0,2.8822480138484496
865357062794381,2025-09,0.0,0.0,0.0
865357062794399,2025-09,0.0,0.0,2.852014104751886
865357062794407,2025-09,0.0,0.0,0.0
865357062794415,2025-09,0.0,0.0,2.8682761373340604
865357062794423,2025-09,0.0,0.0,0.0
865357062794431,2025-09,0.0,0.0,0.0
865357062794449,2025-09,0.0,0.0,2.878437502071798
865357062794456,2025-09,0.0,0.0,0.0
865357062794464,2025-09,0.0,0.0,3.0783161652652464
865357062794472,2025-09,0.0,0.0,3.491314057825559
865357062794480,2025-09,0.0,0.0,2.917158460125449
865357062794498,2025-09,0.0,0.0,2.921815752296912
865357062794506,2025-09,0.0,0.0,2.8879830265223996
865357062794514,2025-08,0.0,0.0,2.7840984680862135
865357062794522,2025-09,0.0,0.0,0.0
865357062794530,2025-09,0.0,0.0,0.0
865357062794548,2025-08,0.0,0.0,0.0
865357062794548,2025-09,5.366666666666666,56350.0,11.70048433035209
865357062794548,2025-10,0.0,0.0,0.0
865357062794555,2025-09,0.0,0.0,0.0
865357062794563,2025-08,0.0,0.0,0.8340401988713334
865357062794563,2025-09,132.0,1386000.0,60.28144952623239
865357062794563,2025-10,65.78333333333333,690725.0,17.096111271063737
865357062794571,2025-09,0.0,0.0,0.0
865357062794589,2025-09,0.0,0.0,2.9300526161373504
865357062794597,2025-09,0.0,0.0,0.0
865357062794605,2025-08,0.0,0.0,2.998218437919672
865357062794613,2025-09,0.0,0.0,0.0
865357062794621,2025-08,0.0,0.0,0.0
865357062794639,2025-08,0.0,0.0,3.0210430185616355
865357062794654,2025-09,0.0,0.0,3.170114858066397
865357062794670,2025-08,0.0,0.0,3.0736588730937835
865357062794688,2025-08,0.0,0.0,0.0
865357062794688,2025-09,180.7,1897350.0,600.396379129877
865357062794688,2025-10,34.06666666666667,357700.0,72.82165133310284
865357062794696,2025-09,0.0,0.0,2.9390977703546546
865357062794704,2025-08,0.0,0.0,0.0
865357062794704,2025-09,52.25,548625.0,58.494300257973855
865357062794704,2025-10,46.56666666666667,488950.0,21.389672772937253
865357062794712,2025-08,0.0,0.0,0.0
865357062794738,2025-08,0.0,0.0,2.9325929573217855
865357062794746,2025-09,0.0,0.0,0.0
865357062794761,2025-09,0.0,0.0,0.0
865357062794779,2025-09,0.0,0.0,0.0
865357062794787,2025-09,0.0,0.0,0.0
865357062794803,2025-09,0.0,0.0,2.608083616019269
865357062794811,2025-09,0.0,0.0,0.0
865357062794829,2025-09,0.0,0.0,2.821780195655323
865357062794837,2025-09,0.0,0.0,3.2262717942495747
865357062794852,2025-09,0.0,0.0,0.0
865357062794860,2025-09,0.0,0.0,0.0
865357062794878,2025-09,0.0,0.0,2.8932176689630524
865357062794886,2025-09,0.0,0.0,0.0
865357062794894,2025-09,0.0,0.0,0.0
865357062794902,2025-09,0.0,0.0,3.280581209571345
865357062794910,2025-09,0.0,0.0,2.853957850658158
865357062794928,2025-09,0.0,0.0,1.10135337350613
865357062794936,2025-09,0.0,0.0,2.9390977703546546
865357062794944,2025-09,0.0,0.0,0.0
865357062794951,2025-09,0.0,0.0,0.0
865357062794969,2025-09,0.3,3150.0,0.0
865357062794977,2025-09,0.0,0.0,0.0
865357062794985,2025-09,0.0,0.0,4.296178823093843
865357062794993,2025-09,0.0,0.0,0.0
865357062795008,2025-08,0.0,0.0,2.897682511044786
865357062795008,2025-09,145.21666666666667,1524775.0,257.2207647642095
865357062795008,2025-10,39.333333333333336,413000.0,73.96721049221992
865357062795016,2025-09,0.0,0.0,0.0
865357062795024,2025-09,0.0,0.0,2.7524981633525676
865357062795032,2025-08,0.0,0.0,0.0
865357062795032,2025-09,52.96666666666667,556150.0,53.282135987801695
865357062795032,2025-10,24.55,257775.0,26.080990120264477
865357062795040,2025-08,0.016666666666666666,175.0,2.917658830358747
865357062795057,2025-09,0.0,0.0,2.802920086861795
865357062795065,2025-09,0.0,0.0,0.0
865357062795073,2025-09,0.0,0.0,0.0
865357062795081,2025-09,0.0,0.0,0.9252230513853482
865357062795099,2025-09,0.0,0.0,0.0
865357062795107,2025-09,0.0,0.0,3.1598765132927675
865357062795115,2025-09,0.0,0.0,2.2025912769584224
865357062795123,2025-09,0.0,0.0,3.027047461361208
865357062795131,2025-09,0.0,0.0,3.1878972463574367
865357062795149,2025-08,4.816666666666666,50575.0,0.0
865357062795149,2025-09,0.0,0.0,0.0
865357062795149,2025-10,0.0,0.0,0.0
865357062795156,2025-09,0.0,0.0,3.326307350891164
865357062795164,2025-09,0.0,0.0,0.0
865357062795172,2025-09,0.0,0.0,3.0517580528825237
865357062795180,2025-09,0.0,0.0,0.0
865357062795198,2025-09,0.0,0.0,0.0
865357062795206,2025-09,0.0,0.0,3.096214023610125
865357062795214,2025-09,0.0,0.0,6.315750064719154
865357062795222,2025-09,0.0,0.0,0.0
865357062795230,2025-09,0.0,0.0,0.0
865357062795248,2025-08,0.0,0.0,0.0
865357062795255,2025-08,0.0,0.0,2.221104975590436
865357062795255,2025-09,50.766666666666666,533050.0,107.56381925164241
865357062795255,2025-10,15.516666666666667,162925.0,17.806713982382327
865357062795263,2025-09,0.0,0.0,2.591629133347365
865357062795271,2025-09,0.0,0.0,2.8616366092383796
865357062795289,2025-09,0.0,0.0,0.0
865357062795297,2025-09,0.0,0.0,0.0
865357062795305,2025-09,0.0,0.0,0.0
865357062795313,2025-09,0.0,0.0,2.7361783957434747
865357062795321,2025-09,0.0,0.0,0.0
865357062795339,2025-09,0.0,0.0,0.0
865357062795347,2025-09,0.0,0.0,3.0568772252693384
865357062795354,2025-08,0.0,0.0,0.0
865357062795362,2025-08,0.0,0.0,0.0
865357062795362,2025-09,16.75,175875.0,82.58766585150818
865357062795362,2025-10,16.116666666666667,169225.0,33.77144966594207
865357062795370,2025-08,0.0,0.0,0.0
865357062795370,2025-09,0.18333333333333332,1925.0,35.18603480549255
865357062795370,2025-10,0.0,0.0,0.0
865357062795388,2025-08,79.16666666666667,573450.0,147.6615075121939
865357062795388,2025-09,224.3,2169156.0,408.72328739227714
865357062795388,2025-10,50.266666666666666,510762.0,92.13507631298934
865357062795396,2025-09,0.0,0.0,0.0
865357062795404,2025-09,1.5833333333333333,16625.0,0.0
865357062795412,2025-09,0.0,0.0,3.2468062188237523
865357062795420,2025-08,0.0,0.0,2.797223564205791
865357062795420,2025-09,118.01666666666667,1239175.0,282.92807454524547
865357062795420,2025-10,58.11666666666667,610225.0,108.91716677264084
865357062795438,2025-09,0.0,0.0,0.0
865357062795446,2025-08,0.0,0.0,3.0254308806074763
865357062795461,2025-08,0.0,0.0,0.0
865357062795461,2025-09,0.2,2100.0,9.283022528210262
865357062795461,2025-10,0.0,0.0,0.0
865357062795479,2025-08,0.0,0.0,0.0
865357062795479,2025-09,248.68333333333334,2611175.0,636.3070462582294
865357062795479,2025-10,41.6,436800.0,113.1908289352363
865357062795487,2025-09,0.0,0.0,2.6213626722106307
865357062795495,2025-09,0.0,0.0,2.9287824455451332
865357062795503,2025-09,0.0,0.0,0.0
865357062795511,2025-09,0.0,0.0,0.0
865357062795529,2025-09,0.0,0.0,0.0
865357062795537,2025-09,0.0,0.0,0.0
865357062795552,2025-09,0.06666666666666667,700.0,0.0
865357062795560,2025-09,0.0,0.0,0.0
865357062795578,2025-09,0.0,0.0,0.8147566998803999
865357062795586,2025-09,0.0,0.0,2.8280925585984624
865357062795594,2025-09,0.0,0.0,0.0
865357062795602,2025-09,0.0,0.0,3.011689944200764
865357062795636,2025-09,0.0,0.0,0.0
865357062795644,2025-09,0.0,0.0,0.0
865357062795651,2025-09,0.0,0.0,0.0
865357062795669,2025-09,0.0,0.0,0.0
865357062795677,2025-09,0.0,0.0,3.000277653879782
865357062795685,2025-08,0.0,0.0,0.0
865357062795685,2025-09,0.0,0.0,56.84939085103466
865357062795693,2025-09,0.0,0.0,3.3068314018105007
865357062795701,2025-09,0.0,0.0,0.0
865357062795719,2025-09,0.0,0.0,2.80392082732839
865357062795735,2025-09,0.0,0.0,2.710313103683779
865357062795743,2025-09,0.0,0.0,3.0492754467250083
865357062795750,2025-09,0.0,0.0,0.0
865357062795768,2025-09,0.0,0.0,0.0
865357062795776,2025-09,0.0,0.0,2.9568031786098037
865357062795784,2025-09,0.0,0.0,0.0
865357062795792,2025-09,0.0,0.0,0.0
865357062795800,2025-09,0.0,0.0,0.0
865357062795818,2025-09,0.0,0.0,2.6936854159311183
865357062795826,2025-09,0.0,0.0,0.0
865357062795834,2025-09,0.36666666666666664,3850.0,0.0
865357062795842,2025-09,0.0,0.0,0.0
865357062795859,2025-09,0.0,0.0,2.7386032668740703
865357062795867,2025-09,0.0,0.0,3.2171111699784323
865357062795875,2025-09,0.0,0.0,0.0
865357062795883,2025-09,0.0,0.0,0.0
865357062795891,2025-09,0.0,0.0,2.514302687293901
865357062795909,2025-08,292.2,3068100.0,257.3349069124283
865357062795909,2025-09,427.25,4486125.0,319.6995709249597
865357062795909,2025-10,82.13333333333334,862400.0,61.68448766039907
865357062795917,2025-09,0.0,0.0,2.8753583006361203
865357062795925,2025-09,0.0,0.0,0.0
865357062795933,2025-09,0.0,0.0,3.013768405169847
865357062795941,2025-09,0.0,0.0,3.209490146425129
865357062795958,2025-09,0.0,0.0,2.7531524936576495
865357062795966,2025-08,0.0,0.0,2.711698744329834
865357062795982,2025-08,0.0,0.0,0.0
865357062795982,2025-09,112.51666666666667,1181425.0,884.2455967846056
865357062795982,2025-10,30.066666666666666,315700.0,250.4725985928763
865357062795990,2025-08,0.0,0.0,0.0
865357062795990,2025-09,91.08333333333333,956375.0,268.65761171664064
865357062795990,2025-10,63.78333333333333,669725.0,119.22032873649123
865357062796006,2025-09,0.0,0.0,2.864196195431787
865357062796014,2025-08,0.0,0.0,2.8123116512406137
865357062796022,2025-08,0.13333333333333333,1400.0,0.0
865357062796022,2025-09,0.0,0.0,3.2335464076413643
865357062796030,2025-09,0.0,0.0,0.0
865357062796048,2025-09,0.0,0.0,0.0
865357062796055,2025-09,0.0,0.0,2.801649916269578
865357062796063,2025-09,0.0,0.0,0.0
865357062796071,2025-08,0.0,0.0,0.0
865357062796071,2025-09,86.68333333333334,910175.0,217.81252895011528
865357062796071,2025-10,73.71666666666667,774025.0,192.481613054573
865357062796089,2025-08,0.0,0.0,0.0
865357062796089,2025-09,83.4,875700.0,138.3033524689531
865357062796089,2025-10,49.233333333333334,516950.0,72.32538028671642
865357062796097,2025-08,0.0,0.0,0.0
865357062796105,2025-09,0.0,0.0,0.0
865357062796113,2025-08,0.0,0.0,0.0
865357062796121,2025-09,0.0,0.0,1.0995443426626692
865357062796139,2025-08,0.0,0.0,0.0
865357062796139,2025-09,81.96666666666667,860650.0,45.75281490225492
865357062796139,2025-10,37.95,398475.0,14.908261670978623
865357062796147,2025-09,0.0,0.0,0.0
865357062796154,2025-09,0.0,0.0,3.475571640485655
865357062796162,2025-08,0.0,0.0,2.9679652838141357
865357062796170,2025-09,0.0,0.0,2.961268020691536
865357062796188,2025-09,0.0,0.0,2.8301710195675454
865357062796196,2025-09,0.0,0.0,0.0
865357062796204,2025-09,0.0,0.0,2.727575876732548
865357062796212,2025-09,0.0,0.0,2.8793420174935287
865357062796220,2025-09,0.0,0.0,0.0
865357062796238,2025-08,0.0,0.0,0.0
865357062796238,2025-09,29.316666666666666,307825.0,81.39434058012014
865357062796238,2025-10,9.766666666666667,102550.0,15.462248499275042
865357062796253,2025-09,0.0,0.0,0.0
865357062796261,2025-09,0.0,0.0,2.8618675493460555
865357062796295,2025-08,0.0,0.0,0.0
865357062796311,2025-09,0.0,0.0,2.968099998876947
865357062796329,2025-09,0.0,0.0,3.1234842013248487
865357062796337,2025-09,0.0,0.0,0.0
865357062796345,2025-09,0.0,0.0,3.0126329496404396
865357062796352,2025-09,0.0,0.0,2.8126195713841806
865357062796360,2025-09,2.1666666666666665,22750.0,0.0
865357062796378,2025-08,0.0,0.0,0.0
865357062796378,2025-09,285.46666666666664,2997400.0,209.73143421230398
865357062796378,2025-10,88.98333333333333,934325.0,45.70891703678753
865357062796386,2025-09,0.03333333333333333,350.0,0.0
865357062796394,2025-09,0.0,0.0,2.826187302710137
865357062796402,2025-09,0.0,0.0,2.7001517389460417
865357062796410,2025-08,0.0,0.0,0.0
865357062796428,2025-09,0.0,0.0,3.0783161652652464
865357062796436,2025-09,0.0,0.0,0.0
865357062796444,2025-08,0.0,0.0,0.0
865357062796444,2025-09,342.93333333333334,3600800.0,307.5816431049745
865357062796444,2025-10,84.6,888300.0,62.53157597535409
865357062796451,2025-09,0.0,0.0,0.0
865357062796469,2025-09,0.0,0.0,2.520461090165257
865357062796477,2025-09,0.0,0.0,3.2054871845587476
865357062796485,2025-09,0.0,0.0,0.0
865357062796493,2025-08,0.0,0.0,0.0
865357062796493,2025-09,47.35,497175.0,97.82488246086207
865357062796493,2025-10,0.0,0.0,0.0
865357062796501,2025-09,0.0,0.0,3.770559138023607
865357062796519,2025-08,0.0,0.0,0.0
865357062796519,2025-09,60.25,632625.0,94.72089345362686
865357062796519,2025-10,29.283333333333335,307475.0,22.787976634896584
865357062796527,2025-09,0.0,0.0,0.0
865357062796535,2025-09,0.11666666666666667,1225.0,3.0310889132455356
865357062796543,2025-08,0.0,0.0,0.0
865357062796543,2025-09,4.716666666666667,49525.0,54.82473892704048
865357062796543,2025-10,0.0,0.0,0.0
865357062796550,2025-09,0.0,0.0,0.0
865357062796568,2025-09,0.0,0.0,0.0
865357062796576,2025-09,0.0,0.0,2.8129467365367216
865357062796584,2025-08,0.0,0.0,3.0542599040490117
865357062796592,2025-08,0.0,0.0,0.0
865357062796600,2025-09,0.0,0.0,2.900011157130517
865357062796626,2025-09,0.0,0.0,0.0
865357062796634,2025-08,0.0,0.0,2.7199933431971917
865357062796642,2025-09,0.0,0.0,2.8451821265664763
865357062796675,2025-09,0.0,0.0,0.0
865357062796683,2025-09,0.0,0.0,0.0
865357062796709,2025-09,0.0,0.0,2.9098453567157136
865357062796725,2025-08,0.0,0.0,0.0
865357062796733,2025-09,0.0,0.0,0.0
865357062796741,2025-09,0.0,0.0,0.0
865357062796758,2025-09,0.0,0.0,2.792008166774111
865357062796766,2025-09,0.0,0.0,2.864119215395895
865357062796774,2025-08,0.0,0.0,0.0
865357062796790,2025-09,0.0,0.0,2.7797106060403727
865357062796808,2025-08,0.0,0.0,0.0
865357062796808,2025-09,106.16666666666667,1114750.0,273.7397374611823
865357062796808,2025-10,40.05,420525.0,94.88597714059715
865357062796816,2025-08,0.0,0.0,0.0
865357062796816,2025-09,48.35,507675.0,132.9181755681138
865357062796816,2025-10,14.3,150150.0,35.13182161521564
865357062796824,2025-09,0.0,0.0,0.0
865357062796832,2025-08,0.0,0.0,0.0
865357062796832,2025-09,50.916666666666664,534625.0,51.27959657911748
865357062796832,2025-10,27.566666666666666,289450.0,12.24939047627964
865357062796840,2025-09,0.0,0.0,0.0
865357062796857,2025-08,0.0,0.0,2.998218437919672
865357062796865,2025-09,0.0,0.0,3.2363946689693663
865357062796873,2025-09,0.0,0.0,0.0
865357062796881,2025-08,0.0,0.0,0.0
865357062796881,2025-09,0.0,0.0,0.0
865357062796881,2025-10,0.0,0.0,0.0
865357062796899,2025-09,0.0,0.0,2.772435992648583
865357062796907,2025-08,0.0,0.0,0.0
865357062796907,2025-09,43.416666666666664,455875.0,71.22189071721428
865357062796907,2025-10,36.983333333333334,388325.0,53.57150394271953
865357062796915,2025-08,0.0,0.0,0.0
865357062796915,2025-09,0.0,0.0,36.80213443399918
865357062796915,2025-10,0.9333333333333333,9800.0,18.064789552710092
865357062796923,2025-09,0.0,0.0,2.518421119214121
865357062796931,2025-09,0.0,0.0,0.0
865357062796949,2025-09,0.0,0.0,0.0
865357062796956,2025-08,0.0,0.0,0.0
865357062796956,2025-09,251.08333333333334,2636375.0,762.4665093900928
865357062796956,2025-10,52.13333333333333,547400.0,172.83981048658043
865357062796972,2025-09,0.3,3150.0,7.9892575549922045
865357062796998,2025-08,0.016666666666666666,175.0,2.888194721621103
865357062797004,2025-09,0.0,0.0,2.4627068182373217
865357062797012,2025-09,0.0,0.0,0.0
865357062797020,2025-08,0.0,0.0,2.7376987514523403
865357062797038,2025-09,0.0,0.0,2.828438968759976
865357062797046,2025-09,0.0,0.0,0.0
865357062797053,2025-08,0.03333333333333333,350.0,2.403509170636412
865357062797053,2025-09,0.0,0.0,3.057762495682096
865357062797061,2025-08,0.0,0.0,2.97572102243025
865357062797079,2025-09,0.0,0.0,0.0
865357062797087,2025-09,0.0,0.0,2.877128841461635
865357062797103,2025-09,0.0,0.0,3.186280665603707
865357062797111,2025-09,0.0,0.0,0.0
865357062797129,2025-09,0.0,0.0,3.180045282696459
865357062797137,2025-09,0.0,0.0,2.8932176689630524
865357062797145,2025-09,0.0,0.0,0.0
865357062797160,2025-09,0.0,0.0,0.0
865357062797178,2025-09,0.0,0.0,3.192516048510955
865357062797186,2025-09,0.0,0.0,2.998757298170916
865357062797194,2025-09,0.0,0.0,2.944197697732496
865357062797202,2025-09,0.0,0.0,3.01057373368033
865357062797210,2025-09,0.0,0.0,0.0
865357062797228,2025-08,0.0,0.0,0.0
865357062797236,2025-09,0.0,0.0,0.0
865357062797244,2025-09,0.0,0.0,3.113534531685813
865357062797251,2025-08,0.0,0.0,0.0
865357062797277,2025-09,0.0,0.0,3.2144361137311876
865357062797285,2025-09,0.0,0.0,3.1150356423857066
865357062797293,2025-08,0.0,0.0,0.0
865357062797293,2025-09,247.06666666666666,2594200.0,551.2019022929468
865357062797293,2025-10,101.01666666666667,1060675.0,144.82548600989858
865357062797301,2025-08,0.0,0.0,0.0
865357062797301,2025-09,245.46666666666667,2577400.0,125.53255696456833
865357062797301,2025-10,108.85,1142925.0,58.10901517833464
865357062797319,2025-09,0.0,0.0,0.0
865357062797327,2025-09,0.0,0.0,2.73956551732272
865357062797335,2025-09,0.0,0.0,2.9522228664742327
865357062797343,2025-09,0.0,0.0,3.092749921994988
865357062797368,2025-08,0.0,0.0,2.89113920799397
865357062797368,2025-09,93.61666666666666,982975.0,209.07057984918058
865357062797368,2025-10,26.8,281400.0,96.91238036040787
865357062797376,2025-08,0.0,0.0,0.0
865357062797376,2025-09,80.63333333333334,846650.0,197.3422287458356
865357062797376,2025-10,18.483333333333334,194075.0,60.491662759244335
865357062797384,2025-09,0.0,0.0,2.683370091121597
865357062797392,2025-09,0.0,0.0,5.433096973182054
865357062797400,2025-09,0.0,0.0,3.0641133486431813
865357062797418,2025-08,0.0,0.0,2.978338343650577
865357062797426,2025-09,0.0,0.0,0.0
865357062797434,2025-09,0.0,0.0,2.6943012562182536
865357062797442,2025-08,0.0,0.0,2.9680807538679743
865357062797442,2025-09,183.78333333333333,1929725.0,59.148842258154126
865357062797459,2025-09,0.0,0.0,0.0
865357062797467,2025-09,0.0,0.0,0.0
865357062797475,2025-08,0.0,0.0,0.0
865357062797483,2025-08,0.0,0.0,0.0
865357062797483,2025-09,280.8333333333333,2948750.0,120.77692279725338
865357062797483,2025-10,63.3,664650.0,21.838928262402675
865357062797491,2025-09,0.0,0.0,2.8495699886123167
865357062797509,2025-09,0.0,0.0,2.83786902315674
865357062797517,2025-08,0.0,0.0,3.02281355938715
865357062797525,2025-09,0.0,0.0,0.0
865357062797533,2025-08,0.0,0.0,2.8106180904509905
865357062797541,2025-08,0.0,0.0,0.0
865357062797541,2025-09,5.65,59325.0,85.12261843343009
865357062797541,2025-10,1.2333333333333334,12950.0,18.323019083109635
865357062797558,2025-09,0.0,0.0,0.0
865357062797566,2025-08,0.0,0.0,0.0
865357062797574,2025-09,0.0,0.0,0.0
865357062797582,2025-09,0.0,0.0,3.2219994022575715
865357062797590,2025-09,0.0,0.0,3.1361859072470195
865357062797608,2025-09,0.0,0.0,2.7074840873647505
865357062797616,2025-08,0.0,0.0,0.0
865357062797616,2025-09,137.53333333333333,1444100.0,126.48832184519381
865357062797616,2025-10,165.71666666666667,1740025.0,133.4989706939096
865357062797624,2025-08,0.0,0.0,0.0
865357062797632,2025-09,0.0,0.0,3.0182332472515796
865357062797640,2025-09,0.15,1575.0,0.0
865357062797657,2025-09,0.0,0.0,3.086514539087739
865357062797665,2025-09,0.0,0.0,0.0
865357062797673,2025-08,0.0,0.0,0.0
865357062797681,2025-08,0.0,0.0,0.0
865357062797681,2025-09,106.25,1115625.0,169.11395750440107
865357062797681,2025-10,40.9,429450.0,80.24050606714466
865357062797699,2025-09,0.0,0.0,2.7531909836755952
865357062797707,2025-08,0.0,0.0,3.0693095010658884
865357062797707,2025-09,43.65,458325.0,147.73538910164123
865357062797707,2025-10,19.083333333333332,200375.0,51.577855728180836
865357062797715,2025-09,0.0,0.0,2.306321875322825
865357062797723,2025-09,0.0,0.0,2.8597121083410815
865357062797731,2025-09,0.0,0.0,0.0
865357062797756,2025-08,0.0,0.0,2.830632899782897
865357062797764,2025-09,0.0,0.0,0.0
865357062797772,2025-09,0.016666666666666666,175.0,2.5628193549148026
865357062797780,2025-08,8.166666666666666,85750.0,0.0
865357062797798,2025-09,0.0,0.0,2.9583812693455886
865357062797806,2025-09,0.0,0.0,0.0
865357062797814,2025-08,0.0,0.0,2.7598305117712756
865357062797814,2025-09,0.05,525.0,6.8304000946747845
865357062797822,2025-09,0.0,0.0,2.9917521149047483
865357062797830,2025-08,0.0,0.0,0.0
865357062797830,2025-09,74.56666666666666,782950.0,50.71947059295867
865357062797830,2025-10,27.566666666666666,289450.0,9.373820480544818
865357062797848,2025-09,0.0,0.0,0.0
865357062797855,2025-09,0.0,0.0,0.0
865357062797863,2025-09,0.0,0.0,0.0
865357062797871,2025-09,0.0,0.0,0.0
865357062797889,2025-08,0.0,0.0,3.1247736169260385
865357062797897,2025-08,0.0,0.0,0.0
865357062797897,2025-09,0.16666666666666666,1750.0,46.30025842750052
865357062797897,2025-10,0.0,0.0,0.0
865357062797905,2025-09,0.0,0.0,3.066846139917346
865357062797913,2025-08,0.0,0.0,3.0197728479694184
865357062797921,2025-08,0.0,0.0,0.0
865357062797939,2025-08,0.0,0.0,0.0
865357062797939,2025-09,37.11666666666667,389725.0,18.08765262337
865357062797939,2025-10,0.0,0.0,6.867100326786274
865357062797947,2025-09,0.0,0.0,2.750977807643702
865357062797954,2025-08,0.0,0.0,2.899337581816462
865357062797962,2025-09,0.0,0.0,2.899337581816462
865357062797970,2025-08,0.0,0.0,0.0
865357062797970,2025-09,33.15,348075.0,73.750569426211
865357062797970,2025-10,20.15,211575.0,42.43137653863392
865357062797988,2025-09,0.0,0.0,0.0
865357062797996,2025-08,0.0,0.0,0.0
865357062797996,2025-09,10.0,105000.0,17.47446814747267
865357062797996,2025-10,0.0,0.0,0.0
865357062798002,2025-09,0.0,0.0,2.9410800062788716
865357062798010,2025-08,0.0,0.0,0.0
865357062798028,2025-09,0.0,0.0,0.0
865357062798036,2025-09,0.0,0.0,0.0
865357062798044,2025-09,0.0,0.0,0.0
865357062798051,2025-09,0.0,0.0,2.7379296915600166
865357062798069,2025-09,0.0,0.0,0.0
865357062798077,2025-09,0.0,0.0,0.0
865357062798085,2025-09,0.0,0.0,2.8552665112683213
865357062798093,2025-09,0.0,0.0,2.918159200592045
865357062798101,2025-08,0.0,0.0,2.7074840873647497
865357062798101,2025-09,0.0,0.0,0.0
865357062798101,2025-10,0.0,0.0,0.0
865357062798119,2025-09,0.0,0.0,0.0
865357062798127,2025-08,0.0,0.0,2.985574467024419
865357062798135,2025-08,0.0,0.0,0.0
865357062798143,2025-09,0.0,0.0,0.0
865357062798150,2025-09,0.0,0.0,0.0
865357062798176,2025-09,0.0,0.0,0.0
865357062798184,2025-09,0.0,0.0,0.0
865357062798192,2025-08,0.0,0.0,2.809116979751097
865357062798192,2025-09,0.0,0.0,0.0
865357062798192,2025-10,0.0,0.0,0.0
865357062798200,2025-09,0.0,0.0,0.0
865357062798218,2025-08,0.0,0.0,3.02281355938715
865357062798226,2025-08,0.0,0.0,0.0
865357062798226,2025-09,1.5333333333333334,16100.0,17.551005548158244
865357062798234,2025-09,0.0,0.0,0.0
865357062798242,2025-09,0.0,0.0,2.9385589101034113
865357062798259,2025-08,0.0,0.0,1.5422180390593283
865357062798259,2025-09,327.06666666666666,3434200.0,450.4449849800232
865357062798259,2025-10,87.6,919800.0,166.21250297159756
865357062798275,2025-09,0.0,0.0,2.8005337057491446
865357062798283,2025-09,0.0,0.0,0.0
865357062798291,2025-08,0.0,0.0,0.0
865357062798309,2025-08,0.0,0.0,0.0
865357062798317,2025-08,0.0,0.0,0.0
865357062798325,2025-08,0.0,0.0,2.7731095679626376
865357062798325,2025-09,95.96666666666667,1007650.0,301.04703879821454
865357062798325,2025-10,66.93333333333334,702800.0,161.67370232038127
865357062798333,2025-08,0.0,0.0,2.7898142357511904
865357062798341,2025-09,0.016666666666666666,175.0,0.0
865357062798358,2025-08,0.05,525.0,0.0
865357062798358,2025-09,182.0,1911000.0,312.94210941429253
865357062798358,2025-10,101.63333333333334,1067150.0,133.08374038030843
865357062798366,2025-09,0.0,0.0,3.267975728694038
865357062798374,2025-09,0.016666666666666666,175.0,2.701710584672853
865357062798382,2025-08,0.0,0.0,0.0
865357062798382,2025-09,12.5,131250.0,101.12035930737851
865357062798390,2025-09,0.0,0.0,3.0082258425856256
865357062798408,2025-09,2.183333333333333,22925.0,3.026989726334288
865357062798416,2025-08,0.0,0.0,0.0
865357062798424,2025-09,0.0,0.0,3.244823982899534
865357062798432,2025-08,0.0,0.0,0.0
865357062798432,2025-09,217.11666666666667,2279725.0,407.42182441546987
865357062798432,2025-10,157.9,1657950.0,216.85355015299132
865357062798440,2025-08,0.0,0.0,0.0
865357062798440,2025-09,78.11666666666666,820225.0,298.17806984055744
865357062798440,2025-10,23.333333333333332,245000.0,113.7335766782925
865357062798457,2025-09,0.0,0.0,2.895411599985973
865357062798465,2025-09,0.0,0.0,0.0
865357062798473,2025-09,0.0,0.0,0.0
865357062798481,2025-08,0.0,0.0,0.0
865357062798481,2025-09,23.933333333333334,251300.0,40.89262260118973
865357062798481,2025-10,25.5,267750.0,35.15853368767015
865357062798499,2025-08,0.0,0.0,0.0
865357062798499,2025-09,644.9833333333333,6772325.0,820.1413571659969
865357062798499,2025-10,157.25,1651125.0,230.57208536925984
865357062798507,2025-09,0.0,0.0,0.0
865357062798515,2025-09,0.0,0.0,0.0
865357062798523,2025-08,0.0,0.0,3.62679892099539
865357062798531,2025-08,0.0,0.0,0.0
865357062798549,2025-08,0.0,0.0,0.0
865357062798556,2025-09,0.0,0.0,3.2558706180500296
865357062798564,2025-08,0.0,0.0,0.0
865357062798572,2025-08,0.0,0.0,2.890253937581212
865357062798572,2025-09,39.166666666666664,411250.0,362.07894744934856
865357062798572,2025-10,4.316666666666666,45325.0,77.33552969769913
865357062798580,2025-08,0.0,0.0,0.0
865357062798598,2025-08,0.0,0.0,2.730250932979794
865357062798606,2025-08,0.0,0.0,0.0
865357062798606,2025-09,69.58333333333333,730625.0,103.83411726766846
865357062798606,2025-10,37.31666666666667,391825.0,67.73825541796894
865357062798614,2025-09,0.0,0.0,0.0
865931087407730,2025-10,0.016666666666666666,175.0,0.0
865931087409090,2025-10,0.1,1050.0,0.0
865931087411252,2025-10,0.016666666666666666,175.0,0.0
865931087415212,2025-10,0.016666666666666666,175.0,0.0
865931087415675,2025-10,0.0,0.0,0.0
865931087416913,2025-10,0.016666666666666666,175.0,0.0
865931087418018,2025-10,0.016666666666666666,175.0,0.0
